Date Finished, Base Config, Name, Batch Size,Learning Rate,LR Policy,Prune Rate, fair Regularization,lam fair,fair type,Current Val Top 1, Current Val Unfairness, Best Val Top 1, Best Val Unfairness, Best Train Top 1, Best Train Unfairness
08-10-22_01:38:30, configs/celeba/ResNet18sparse_celeba.yml, ResNet18__sparse_celeba_sc_filter, 128,0.01,cosine_lr,0.05, logistic,0.0,dp,0.56, 0.05, 0.58, 0.06, 0.57, 0.06
08-10-22_01:52:32, configs/celeba/ResNet18sparse_celeba.yml, ResNet18__sparse_celeba_sc_filter, 128,0.01,cosine_lr,0.05, logistic,0.06,dp,0.52, 0.00, 0.52, 0.00, 0.52, 0.00
08-10-22_02:06:31, configs/celeba/ResNet18sparse_celeba.yml, ResNet18__sparse_celeba_sc_filter, 128,0.01,cosine_lr,0.05, logistic,0.12,dp,0.53, -0.01, 0.56, 0.03, 0.56, 0.02
08-10-22_02:20:30, configs/celeba/ResNet18sparse_celeba.yml, ResNet18__sparse_celeba_sc_filter, 128,0.01,cosine_lr,0.05, logistic,0.18,dp,0.53, 0.04, 0.55, -0.00, 0.53, 0.01
08-10-22_02:34:19, configs/celeba/ResNet18sparse_celeba.yml, ResNet18__sparse_celeba_sc_filter, 128,0.01,cosine_lr,0.05, logistic,0.24,dp,0.57, 0.05, 0.58, 0.07, 0.58, 0.04
08-10-22_02:48:28, configs/celeba/ResNet18sparse_celeba.yml, ResNet18__sparse_celeba_sc_filter, 128,0.01,cosine_lr,0.1, logistic,0.0,dp,0.57, 0.10, 0.58, 0.14, 0.57, 0.10
08-10-22_03:02:23, configs/celeba/ResNet18sparse_celeba.yml, ResNet18__sparse_celeba_sc_filter, 128,0.01,cosine_lr,0.1, logistic,0.06,dp,0.57, 0.06, 0.59, 0.06, 0.58, 0.04
08-10-22_03:16:20, configs/celeba/ResNet18sparse_celeba.yml, ResNet18__sparse_celeba_sc_filter, 128,0.01,cosine_lr,0.1, logistic,0.12,dp,0.55, 0.05, 0.55, 0.05, 0.55, 0.04
08-10-22_03:30:17, configs/celeba/ResNet18sparse_celeba.yml, ResNet18__sparse_celeba_sc_filter, 128,0.01,cosine_lr,0.1, logistic,0.18,dp,0.53, -0.01, 0.55, -0.00, 0.57, 0.02
08-10-22_03:44:11, configs/celeba/ResNet18sparse_celeba.yml, ResNet18__sparse_celeba_sc_filter, 128,0.01,cosine_lr,0.1, logistic,0.24,dp,0.53, 0.01, 0.54, 0.00, 0.54, 0.00
08-10-22_03:58:20, configs/celeba/ResNet18sparse_celeba.yml, ResNet18__sparse_celeba_sc_filter, 128,0.01,cosine_lr,0.4, logistic,0.0,dp,0.63, 0.14, 0.63, 0.14, 0.63, 0.12
08-10-22_04:12:30, configs/celeba/ResNet18sparse_celeba.yml, ResNet18__sparse_celeba_sc_filter, 128,0.01,cosine_lr,0.4, logistic,0.06,dp,0.64, 0.12, 0.64, 0.12, 0.64, 0.09
08-10-22_04:26:38, configs/celeba/ResNet18sparse_celeba.yml, ResNet18__sparse_celeba_sc_filter, 128,0.01,cosine_lr,0.4, logistic,0.12,dp,0.61, 0.03, 0.61, 0.04, 0.61, 0.03
08-10-22_04:40:50, configs/celeba/ResNet18sparse_celeba.yml, ResNet18__sparse_celeba_sc_filter, 128,0.01,cosine_lr,0.4, logistic,0.18,dp,0.50, 0.01, 0.50, 0.01, 0.50, 0.01
08-10-22_04:55:00, configs/celeba/ResNet18sparse_celeba.yml, ResNet18__sparse_celeba_sc_filter, 128,0.01,cosine_lr,0.4, logistic,0.24,dp,0.62, -0.07, 0.62, -0.07, 0.61, -0.07
08-10-22_05:09:30, configs/celeba/ResNet18sparse_celeba.yml, ResNet18__sparse_celeba_sc_filter, 128,0.01,cosine_lr,0.8, logistic,0.0,dp,0.52, 0.00, 0.52, 0.00, 0.52, 0.00
08-10-22_05:23:55, configs/celeba/ResNet18sparse_celeba.yml, ResNet18__sparse_celeba_sc_filter, 128,0.01,cosine_lr,0.8, logistic,0.06,dp,0.55, 0.03, 0.55, 0.03, 0.55, 0.03
08-10-22_05:38:19, configs/celeba/ResNet18sparse_celeba.yml, ResNet18__sparse_celeba_sc_filter, 128,0.01,cosine_lr,0.8, logistic,0.12,dp,0.57, 0.04, 0.61, 0.04, 0.58, 0.02
08-10-22_05:52:39, configs/celeba/ResNet18sparse_celeba.yml, ResNet18__sparse_celeba_sc_filter, 128,0.01,cosine_lr,0.8, logistic,0.18,dp,0.61, -0.04, 0.61, -0.04, 0.60, -0.04
08-10-22_06:07:06, configs/celeba/ResNet18sparse_celeba.yml, ResNet18__sparse_celeba_sc_filter, 128,0.01,cosine_lr,0.8, logistic,0.24,dp,0.52, 0.00, 0.52, 0.00, 0.52, 0.00
08-10-22_06:21:32, configs/celeba/ResNet18sparse_celeba.yml, ResNet18__sparse_celeba_sc_filter, 128,0.01,cosine_lr,0.95, logistic,0.0,dp,0.52, 0.00, 0.52, 0.00, 0.52, 0.00
08-10-22_06:36:09, configs/celeba/ResNet18sparse_celeba.yml, ResNet18__sparse_celeba_sc_filter, 128,0.01,cosine_lr,0.95, logistic,0.06,dp,0.56, 0.04, 0.56, 0.04, 0.56, 0.03
08-10-22_06:50:46, configs/celeba/ResNet18sparse_celeba.yml, ResNet18__sparse_celeba_sc_filter, 128,0.01,cosine_lr,0.95, logistic,0.12,dp,0.54, 0.07, 0.54, 0.07, 0.53, 0.06
08-10-22_07:05:20, configs/celeba/ResNet18sparse_celeba.yml, ResNet18__sparse_celeba_sc_filter, 128,0.01,cosine_lr,0.95, logistic,0.18,dp,0.52, -0.00, 0.52, -0.00, 0.52, -0.00
08-10-22_07:19:55, configs/celeba/ResNet18sparse_celeba.yml, ResNet18__sparse_celeba_sc_filter, 128,0.01,cosine_lr,0.95, logistic,0.24,dp,0.52, 0.00, 0.52, 0.00, 0.52, 0.00
08-10-22_07:34:01, configs/celeba/ResNet18sparse_celeba.yml, ResNet18__sparse_celeba_sc_filter, 128,0.01,cosine_lr,0.05, logistic,0.0,dp,0.56, -0.00, 0.56, -0.00, 0.55, 0.01
08-10-22_07:48:09, configs/celeba/ResNet18sparse_celeba.yml, ResNet18__sparse_celeba_sc_filter, 128,0.01,cosine_lr,0.05, logistic,0.06,dp,0.54, 0.04, 0.54, 0.04, 0.54, 0.04
08-10-22_08:02:18, configs/celeba/ResNet18sparse_celeba.yml, ResNet18__sparse_celeba_sc_filter, 128,0.01,cosine_lr,0.05, logistic,0.12,dp,0.57, 0.06, 0.57, 0.05, 0.56, 0.04
08-10-22_08:16:35, configs/celeba/ResNet18sparse_celeba.yml, ResNet18__sparse_celeba_sc_filter, 128,0.01,cosine_lr,0.05, logistic,0.18,dp,0.59, 0.00, 0.59, 0.00, 0.58, -0.01
08-10-22_08:30:51, configs/celeba/ResNet18sparse_celeba.yml, ResNet18__sparse_celeba_sc_filter, 128,0.01,cosine_lr,0.05, logistic,0.24,dp,0.49, 0.00, 0.51, 0.02, 0.50, 0.01
08-10-22_08:44:55, configs/celeba/ResNet18sparse_celeba.yml, ResNet18__sparse_celeba_sc_filter, 128,0.01,cosine_lr,0.1, logistic,0.0,dp,0.55, 0.07, 0.55, 0.07, 0.54, 0.05
08-10-22_08:58:58, configs/celeba/ResNet18sparse_celeba.yml, ResNet18__sparse_celeba_sc_filter, 128,0.01,cosine_lr,0.1, logistic,0.06,dp,0.59, 0.05, 0.59, 0.05, 0.58, 0.02
08-10-22_09:13:04, configs/celeba/ResNet18sparse_celeba.yml, ResNet18__sparse_celeba_sc_filter, 128,0.01,cosine_lr,0.1, logistic,0.12,dp,0.57, 0.05, 0.58, 0.08, 0.57, 0.05
08-10-22_09:27:11, configs/celeba/ResNet18sparse_celeba.yml, ResNet18__sparse_celeba_sc_filter, 128,0.01,cosine_lr,0.1, logistic,0.18,dp,0.56, -0.02, 0.61, -0.01, 0.57, -0.02
08-10-22_09:41:24, configs/celeba/ResNet18sparse_celeba.yml, ResNet18__sparse_celeba_sc_filter, 128,0.01,cosine_lr,0.1, logistic,0.24,dp,0.59, 0.04, 0.59, 0.04, 0.56, 0.01
08-10-22_09:55:43, configs/celeba/ResNet18sparse_celeba.yml, ResNet18__sparse_celeba_sc_filter, 128,0.01,cosine_lr,0.4, logistic,0.0,dp,0.63, 0.15, 0.63, 0.15, 0.62, 0.12
08-10-22_10:09:56, configs/celeba/ResNet18sparse_celeba.yml, ResNet18__sparse_celeba_sc_filter, 128,0.01,cosine_lr,0.4, logistic,0.06,dp,0.50, 0.01, 0.50, 0.02, 0.49, 0.01
08-10-22_10:24:21, configs/celeba/ResNet18sparse_celeba.yml, ResNet18__sparse_celeba_sc_filter, 128,0.01,cosine_lr,0.4, logistic,0.12,dp,0.52, -0.00, 0.52, -0.00, 0.52, 0.00
08-10-22_10:38:31, configs/celeba/ResNet18sparse_celeba.yml, ResNet18__sparse_celeba_sc_filter, 128,0.01,cosine_lr,0.4, logistic,0.18,dp,0.59, 0.04, 0.60, 0.02, 0.61, 0.04
08-10-22_10:52:47, configs/celeba/ResNet18sparse_celeba.yml, ResNet18__sparse_celeba_sc_filter, 128,0.01,cosine_lr,0.4, logistic,0.24,dp,0.62, -0.09, 0.62, -0.11, 0.61, -0.13
08-10-22_11:07:09, configs/celeba/ResNet18sparse_celeba.yml, ResNet18__sparse_celeba_sc_filter, 128,0.01,cosine_lr,0.8, logistic,0.0,dp,0.52, 0.01, 0.52, 0.01, 0.53, 0.01
08-10-22_11:21:36, configs/celeba/ResNet18sparse_celeba.yml, ResNet18__sparse_celeba_sc_filter, 128,0.01,cosine_lr,0.8, logistic,0.06,dp,0.55, 0.03, 0.56, 0.04, 0.55, 0.02
08-10-22_11:36:04, configs/celeba/ResNet18sparse_celeba.yml, ResNet18__sparse_celeba_sc_filter, 128,0.01,cosine_lr,0.8, logistic,0.12,dp,0.48, 0.00, 0.48, 0.00, 0.48, 0.00
08-10-22_11:50:39, configs/celeba/ResNet18sparse_celeba.yml, ResNet18__sparse_celeba_sc_filter, 128,0.01,cosine_lr,0.8, logistic,0.18,dp,0.48, 0.00, 0.48, 0.00, 0.48, 0.00
08-10-22_12:05:06, configs/celeba/ResNet18sparse_celeba.yml, ResNet18__sparse_celeba_sc_filter, 128,0.01,cosine_lr,0.8, logistic,0.24,dp,0.56, 0.01, 0.57, 0.01, 0.56, -0.00
08-10-22_12:19:33, configs/celeba/ResNet18sparse_celeba.yml, ResNet18__sparse_celeba_sc_filter, 128,0.01,cosine_lr,0.95, logistic,0.0,dp,0.52, 0.00, 0.52, 0.00, 0.52, 0.00
08-10-22_12:33:55, configs/celeba/ResNet18sparse_celeba.yml, ResNet18__sparse_celeba_sc_filter, 128,0.01,cosine_lr,0.95, logistic,0.06,dp,0.53, 0.01, 0.53, 0.01, 0.53, 0.01
08-10-22_12:48:17, configs/celeba/ResNet18sparse_celeba.yml, ResNet18__sparse_celeba_sc_filter, 128,0.01,cosine_lr,0.95, logistic,0.12,dp,0.48, 0.00, 0.48, 0.00, 0.48, 0.00
08-10-22_13:02:30, configs/celeba/ResNet18sparse_celeba.yml, ResNet18__sparse_celeba_sc_filter, 128,0.01,cosine_lr,0.95, logistic,0.18,dp,0.56, 0.03, 0.56, 0.03, 0.56, 0.03
08-10-22_13:16:43, configs/celeba/ResNet18sparse_celeba.yml, ResNet18__sparse_celeba_sc_filter, 128,0.01,cosine_lr,0.95, logistic,0.24,dp,0.54, 0.03, 0.56, 0.03, 0.55, 0.03
08-10-22_13:30:31, configs/celeba/ResNet18sparse_celeba.yml, ResNet18__sparse_celeba_sc_filter, 128,0.01,cosine_lr,0.05, logistic,0.0,dp,0.53, 0.02, 0.56, 0.06, 0.54, 0.04
08-10-22_13:44:24, configs/celeba/ResNet18sparse_celeba.yml, ResNet18__sparse_celeba_sc_filter, 128,0.01,cosine_lr,0.05, logistic,0.06,dp,0.58, 0.15, 0.58, 0.15, 0.57, 0.10
08-10-22_13:58:22, configs/celeba/ResNet18sparse_celeba.yml, ResNet18__sparse_celeba_sc_filter, 128,0.01,cosine_lr,0.05, logistic,0.12,dp,0.50, 0.03, 0.54, 0.03, 0.51, 0.03
08-10-22_14:12:13, configs/celeba/ResNet18sparse_celeba.yml, ResNet18__sparse_celeba_sc_filter, 128,0.01,cosine_lr,0.05, logistic,0.18,dp,0.53, 0.04, 0.55, 0.01, 0.56, 0.03
08-10-22_14:26:08, configs/celeba/ResNet18sparse_celeba.yml, ResNet18__sparse_celeba_sc_filter, 128,0.01,cosine_lr,0.05, logistic,0.24,dp,0.56, 0.06, 0.56, 0.06, 0.56, 0.10
08-10-22_14:40:01, configs/celeba/ResNet18sparse_celeba.yml, ResNet18__sparse_celeba_sc_filter, 128,0.01,cosine_lr,0.1, logistic,0.0,dp,0.57, 0.12, 0.58, 0.14, 0.57, 0.09
08-10-22_14:53:59, configs/celeba/ResNet18sparse_celeba.yml, ResNet18__sparse_celeba_sc_filter, 128,0.01,cosine_lr,0.1, logistic,0.06,dp,0.58, 0.10, 0.58, 0.09, 0.57, 0.05
08-10-22_15:07:55, configs/celeba/ResNet18sparse_celeba.yml, ResNet18__sparse_celeba_sc_filter, 128,0.01,cosine_lr,0.1, logistic,0.12,dp,0.53, 0.04, 0.53, 0.04, 0.53, 0.04
08-10-22_15:21:57, configs/celeba/ResNet18sparse_celeba.yml, ResNet18__sparse_celeba_sc_filter, 128,0.01,cosine_lr,0.1, logistic,0.18,dp,0.60, 0.08, 0.60, 0.08, 0.60, 0.05
08-10-22_15:36:00, configs/celeba/ResNet18sparse_celeba.yml, ResNet18__sparse_celeba_sc_filter, 128,0.01,cosine_lr,0.1, logistic,0.24,dp,0.59, -0.01, 0.60, -0.02, 0.59, -0.01
08-10-22_15:50:19, configs/celeba/ResNet18sparse_celeba.yml, ResNet18__sparse_celeba_sc_filter, 128,0.01,cosine_lr,0.4, logistic,0.0,dp,0.53, 0.08, 0.53, 0.08, 0.54, 0.08
08-10-22_16:04:35, configs/celeba/ResNet18sparse_celeba.yml, ResNet18__sparse_celeba_sc_filter, 128,0.01,cosine_lr,0.4, logistic,0.06,dp,0.63, 0.10, 0.63, 0.10, 0.62, 0.08
08-10-22_16:19:04, configs/celeba/ResNet18sparse_celeba.yml, ResNet18__sparse_celeba_sc_filter, 128,0.01,cosine_lr,0.4, logistic,0.12,dp,0.59, 0.02, 0.60, 0.06, 0.61, -0.00
08-10-22_16:33:34, configs/celeba/ResNet18sparse_celeba.yml, ResNet18__sparse_celeba_sc_filter, 128,0.01,cosine_lr,0.4, logistic,0.18,dp,0.51, 0.01, 0.51, 0.02, 0.51, 0.01
08-10-22_16:48:07, configs/celeba/ResNet18sparse_celeba.yml, ResNet18__sparse_celeba_sc_filter, 128,0.01,cosine_lr,0.4, logistic,0.24,dp,0.60, -0.04, 0.61, -0.04, 0.59, -0.04
08-10-22_17:02:37, configs/celeba/ResNet18sparse_celeba.yml, ResNet18__sparse_celeba_sc_filter, 128,0.01,cosine_lr,0.8, logistic,0.0,dp,0.59, 0.12, 0.61, 0.16, 0.60, 0.12
08-10-22_17:17:11, configs/celeba/ResNet18sparse_celeba.yml, ResNet18__sparse_celeba_sc_filter, 128,0.01,cosine_lr,0.8, logistic,0.06,dp,0.50, 0.01, 0.51, 0.02, 0.51, 0.02
08-10-22_17:31:41, configs/celeba/ResNet18sparse_celeba.yml, ResNet18__sparse_celeba_sc_filter, 128,0.01,cosine_lr,0.8, logistic,0.12,dp,0.48, 0.00, 0.48, 0.00, 0.48, 0.00
08-10-22_17:46:09, configs/celeba/ResNet18sparse_celeba.yml, ResNet18__sparse_celeba_sc_filter, 128,0.01,cosine_lr,0.8, logistic,0.18,dp,0.52, 0.00, 0.52, 0.00, 0.52, 0.00
08-10-22_18:00:33, configs/celeba/ResNet18sparse_celeba.yml, ResNet18__sparse_celeba_sc_filter, 128,0.01,cosine_lr,0.8, logistic,0.24,dp,0.52, 0.01, 0.52, 0.01, 0.51, 0.01
08-10-22_18:14:57, configs/celeba/ResNet18sparse_celeba.yml, ResNet18__sparse_celeba_sc_filter, 128,0.01,cosine_lr,0.95, logistic,0.0,dp,0.48, 0.00, 0.48, 0.00, 0.48, 0.00
08-10-22_18:29:18, configs/celeba/ResNet18sparse_celeba.yml, ResNet18__sparse_celeba_sc_filter, 128,0.01,cosine_lr,0.95, logistic,0.06,dp,0.57, 0.01, 0.57, 0.01, 0.57, 0.00
08-10-22_18:43:41, configs/celeba/ResNet18sparse_celeba.yml, ResNet18__sparse_celeba_sc_filter, 128,0.01,cosine_lr,0.95, logistic,0.12,dp,0.58, 0.04, 0.58, 0.04, 0.58, 0.02
08-10-22_18:58:06, configs/celeba/ResNet18sparse_celeba.yml, ResNet18__sparse_celeba_sc_filter, 128,0.01,cosine_lr,0.95, logistic,0.18,dp,0.58, 0.03, 0.59, 0.03, 0.57, 0.01
08-10-22_19:12:29, configs/celeba/ResNet18sparse_celeba.yml, ResNet18__sparse_celeba_sc_filter, 128,0.01,cosine_lr,0.95, logistic,0.24,dp,0.58, -0.04, 0.58, -0.04, 0.57, -0.04
10-20-22_20:45:44, configs/celeba/ResNet18sparse_celeba.yml, ResNet18__sparse_celeba_sc_filter, 128,0.01,cosine_lr,0.05, logistic,0.0,dp,0.52, -0.00, 0.52, 0.00, 0.52, 0.00
10-20-22_20:53:48, configs/celeba/ResNet18sparse_celeba.yml, ResNet18__sparse_celeba_sc_filter, 128,0.01,cosine_lr,0.05, logistic,0.06,dp,0.49, 0.01, 0.55, 0.12, 0.51, 0.06
10-20-22_21:01:57, configs/celeba/ResNet18sparse_celeba.yml, ResNet18__sparse_celeba_sc_filter, 128,0.01,cosine_lr,0.05, logistic,0.052,dp,0.52, 0.01, 0.53, 0.01, 0.53, 0.01
10-20-22_21:10:07, configs/celeba/ResNet18sparse_celeba.yml, ResNet18__sparse_celeba_sc_filter, 128,0.01,cosine_lr,0.05, logistic,0.058,dp,0.55, 0.06, 0.55, 0.06, 0.55, 0.06
10-20-22_21:18:20, configs/celeba/ResNet18sparse_celeba.yml, ResNet18__sparse_celeba_sc_filter, 128,0.01,cosine_lr,0.05, logistic,0.24,dp,0.56, -0.00, 0.56, -0.00, 0.54, -0.01
