Date Finished, Base Config, Name, Batch Size,Learning Rate,LR Policy,Prune Rate, fair Regularization,lam fair,fair type,Current Val Top 1, Current Val Unfairness, Best Val Top 1, Best Val Unfairness, Best Train Top 1, Best Train Unfairness
10-09-22_05:10:59, configs/celeba/ResNet18pretrained_celeba_ft_reinit.yml, ResNet18_pretrained_celeba_ft_reinit, 128,0.01,cosine_lr,0.05, logistic,0.0,dp,0.93, 0.14, 0.93, 0.14, 0.94, 0.14
10-09-22_05:28:34, configs/celeba/ResNet18pretrained_celeba_ft_reinit.yml, ResNet18_pretrained_celeba_ft_reinit, 128,0.01,cosine_lr,0.05, logistic,0.06,dp,0.93, 0.12, 0.93, 0.12, 0.94, 0.12
10-09-22_05:46:07, configs/celeba/ResNet18pretrained_celeba_ft_reinit.yml, ResNet18_pretrained_celeba_ft_reinit, 128,0.01,cosine_lr,0.05, logistic,0.12,dp,0.92, 0.11, 0.92, 0.11, 0.94, 0.09
10-09-22_06:03:43, configs/celeba/ResNet18pretrained_celeba_ft_reinit.yml, ResNet18_pretrained_celeba_ft_reinit, 128,0.01,cosine_lr,0.05, logistic,0.18,dp,0.92, 0.08, 0.92, 0.09, 0.93, 0.06
10-09-22_06:21:15, configs/celeba/ResNet18pretrained_celeba_ft_reinit.yml, ResNet18_pretrained_celeba_ft_reinit, 128,0.01,cosine_lr,0.05, logistic,0.24,dp,0.90, 0.01, 0.91, 0.01, 0.92, 0.02
10-09-22_06:38:41, configs/celeba/ResNet18pretrained_celeba_ft_reinit.yml, ResNet18_pretrained_celeba_ft_reinit, 128,0.01,cosine_lr,0.05, logistic,0.3,dp,0.89, -0.04, 0.89, -0.04, 0.90, -0.03
10-09-22_06:56:11, configs/celeba/ResNet18pretrained_celeba_ft_reinit.yml, ResNet18_pretrained_celeba_ft_reinit, 128,0.01,cosine_lr,0.05, logistic,0.36,dp,0.86, -0.14, 0.87, -0.08, 0.86, -0.14
10-09-22_07:13:48, configs/celeba/ResNet18pretrained_celeba_ft_reinit.yml, ResNet18_pretrained_celeba_ft_reinit, 128,0.01,cosine_lr,0.1, logistic,0.0,dp,0.93, 0.15, 0.93, 0.15, 0.94, 0.14
10-09-22_07:31:27, configs/celeba/ResNet18pretrained_celeba_ft_reinit.yml, ResNet18_pretrained_celeba_ft_reinit, 128,0.01,cosine_lr,0.1, logistic,0.06,dp,0.92, 0.09, 0.92, 0.12, 0.94, 0.11
10-09-22_07:48:55, configs/celeba/ResNet18pretrained_celeba_ft_reinit.yml, ResNet18_pretrained_celeba_ft_reinit, 128,0.01,cosine_lr,0.1, logistic,0.12,dp,0.92, 0.08, 0.92, 0.09, 0.94, 0.08
10-09-22_08:06:25, configs/celeba/ResNet18pretrained_celeba_ft_reinit.yml, ResNet18_pretrained_celeba_ft_reinit, 128,0.01,cosine_lr,0.1, logistic,0.18,dp,0.91, 0.04, 0.91, 0.04, 0.93, 0.05
10-09-22_08:24:01, configs/celeba/ResNet18pretrained_celeba_ft_reinit.yml, ResNet18_pretrained_celeba_ft_reinit, 128,0.01,cosine_lr,0.1, logistic,0.24,dp,0.90, 0.05, 0.90, 0.05, 0.91, 0.00
10-09-22_08:41:38, configs/celeba/ResNet18pretrained_celeba_ft_reinit.yml, ResNet18_pretrained_celeba_ft_reinit, 128,0.01,cosine_lr,0.1, logistic,0.3,dp,0.87, -0.09, 0.87, -0.09, 0.89, -0.07
10-09-22_08:59:12, configs/celeba/ResNet18pretrained_celeba_ft_reinit.yml, ResNet18_pretrained_celeba_ft_reinit, 128,0.01,cosine_lr,0.1, logistic,0.36,dp,0.80, -0.26, 0.86, -0.14, 0.85, -0.17
10-09-22_09:16:46, configs/celeba/ResNet18pretrained_celeba_ft_reinit.yml, ResNet18_pretrained_celeba_ft_reinit, 128,0.01,cosine_lr,0.4, logistic,0.0,dp,0.93, 0.15, 0.93, 0.15, 0.94, 0.14
10-09-22_09:34:18, configs/celeba/ResNet18pretrained_celeba_ft_reinit.yml, ResNet18_pretrained_celeba_ft_reinit, 128,0.01,cosine_lr,0.4, logistic,0.06,dp,0.93, 0.10, 0.93, 0.10, 0.94, 0.11
10-09-22_09:51:54, configs/celeba/ResNet18pretrained_celeba_ft_reinit.yml, ResNet18_pretrained_celeba_ft_reinit, 128,0.01,cosine_lr,0.4, logistic,0.12,dp,0.91, 0.03, 0.92, 0.05, 0.94, 0.08
10-09-22_10:09:23, configs/celeba/ResNet18pretrained_celeba_ft_reinit.yml, ResNet18_pretrained_celeba_ft_reinit, 128,0.01,cosine_lr,0.4, logistic,0.18,dp,0.92, 0.05, 0.92, 0.05, 0.93, 0.05
10-09-22_10:26:41, configs/celeba/ResNet18pretrained_celeba_ft_reinit.yml, ResNet18_pretrained_celeba_ft_reinit, 128,0.01,cosine_lr,0.4, logistic,0.24,dp,0.91, 0.05, 0.91, 0.05, 0.91, -0.00
10-09-22_10:44:07, configs/celeba/ResNet18pretrained_celeba_ft_reinit.yml, ResNet18_pretrained_celeba_ft_reinit, 128,0.01,cosine_lr,0.4, logistic,0.3,dp,0.89, -0.03, 0.89, -0.03, 0.88, -0.08
10-09-22_11:01:47, configs/celeba/ResNet18pretrained_celeba_ft_reinit.yml, ResNet18_pretrained_celeba_ft_reinit, 128,0.01,cosine_lr,0.4, logistic,0.36,dp,0.86, -0.10, 0.86, -0.10, 0.84, -0.18
10-09-22_11:19:18, configs/celeba/ResNet18pretrained_celeba_ft_reinit.yml, ResNet18_pretrained_celeba_ft_reinit, 128,0.01,cosine_lr,0.8, logistic,0.0,dp,0.93, 0.13, 0.93, 0.13, 0.94, 0.14
10-09-22_11:36:44, configs/celeba/ResNet18pretrained_celeba_ft_reinit.yml, ResNet18_pretrained_celeba_ft_reinit, 128,0.01,cosine_lr,0.8, logistic,0.06,dp,0.93, 0.09, 0.93, 0.09, 0.94, 0.11
10-09-22_11:54:11, configs/celeba/ResNet18pretrained_celeba_ft_reinit.yml, ResNet18_pretrained_celeba_ft_reinit, 128,0.01,cosine_lr,0.8, logistic,0.12,dp,0.92, 0.06, 0.92, 0.06, 0.93, 0.08
10-09-22_12:11:47, configs/celeba/ResNet18pretrained_celeba_ft_reinit.yml, ResNet18_pretrained_celeba_ft_reinit, 128,0.01,cosine_lr,0.8, logistic,0.18,dp,0.91, 0.03, 0.92, 0.05, 0.93, 0.04
10-09-22_12:29:21, configs/celeba/ResNet18pretrained_celeba_ft_reinit.yml, ResNet18_pretrained_celeba_ft_reinit, 128,0.01,cosine_lr,0.8, logistic,0.24,dp,0.89, -0.03, 0.91, 0.01, 0.91, -0.01
10-09-22_12:46:58, configs/celeba/ResNet18pretrained_celeba_ft_reinit.yml, ResNet18_pretrained_celeba_ft_reinit, 128,0.01,cosine_lr,0.8, logistic,0.3,dp,0.86, -0.10, 0.86, -0.10, 0.88, -0.08
10-09-22_13:04:15, configs/celeba/ResNet18pretrained_celeba_ft_reinit.yml, ResNet18_pretrained_celeba_ft_reinit, 128,0.01,cosine_lr,0.8, logistic,0.36,dp,0.85, -0.14, 0.87, -0.09, 0.84, -0.19
10-09-22_13:21:40, configs/celeba/ResNet18pretrained_celeba_ft_reinit.yml, ResNet18_pretrained_celeba_ft_reinit, 128,0.01,cosine_lr,0.95, logistic,0.0,dp,0.93, 0.15, 0.93, 0.15, 0.94, 0.14
10-09-22_13:39:13, configs/celeba/ResNet18pretrained_celeba_ft_reinit.yml, ResNet18_pretrained_celeba_ft_reinit, 128,0.01,cosine_lr,0.95, logistic,0.06,dp,0.93, 0.11, 0.93, 0.11, 0.94, 0.11
10-09-22_13:56:40, configs/celeba/ResNet18pretrained_celeba_ft_reinit.yml, ResNet18_pretrained_celeba_ft_reinit, 128,0.01,cosine_lr,0.95, logistic,0.12,dp,0.92, 0.08, 0.92, 0.08, 0.93, 0.08
10-09-22_14:14:00, configs/celeba/ResNet18pretrained_celeba_ft_reinit.yml, ResNet18_pretrained_celeba_ft_reinit, 128,0.01,cosine_lr,0.95, logistic,0.18,dp,0.92, 0.04, 0.92, 0.04, 0.92, 0.04
10-09-22_14:31:20, configs/celeba/ResNet18pretrained_celeba_ft_reinit.yml, ResNet18_pretrained_celeba_ft_reinit, 128,0.01,cosine_lr,0.95, logistic,0.24,dp,0.90, -0.02, 0.90, -0.02, 0.91, -0.01
10-09-22_14:48:51, configs/celeba/ResNet18pretrained_celeba_ft_reinit.yml, ResNet18_pretrained_celeba_ft_reinit, 128,0.01,cosine_lr,0.95, logistic,0.3,dp,0.88, -0.05, 0.88, -0.05, 0.88, -0.08
10-09-22_15:06:13, configs/celeba/ResNet18pretrained_celeba_ft_reinit.yml, ResNet18_pretrained_celeba_ft_reinit, 128,0.01,cosine_lr,0.95, logistic,0.36,dp,0.85, -0.15, 0.85, -0.12, 0.84, -0.19
10-09-22_15:23:43, configs/celeba/ResNet18pretrained_celeba_ft_reinit.yml, ResNet18_pretrained_celeba_ft_reinit, 128,0.01,cosine_lr,0.05, logistic,0.0,dp,0.93, 0.14, 0.93, 0.14, 0.94, 0.14
10-09-22_15:41:01, configs/celeba/ResNet18pretrained_celeba_ft_reinit.yml, ResNet18_pretrained_celeba_ft_reinit, 128,0.01,cosine_lr,0.05, logistic,0.06,dp,0.93, 0.11, 0.93, 0.11, 0.94, 0.12
10-09-22_15:58:31, configs/celeba/ResNet18pretrained_celeba_ft_reinit.yml, ResNet18_pretrained_celeba_ft_reinit, 128,0.01,cosine_lr,0.05, logistic,0.12,dp,0.92, 0.09, 0.92, 0.09, 0.94, 0.09
10-09-22_16:15:35, configs/celeba/ResNet18pretrained_celeba_ft_reinit.yml, ResNet18_pretrained_celeba_ft_reinit, 128,0.01,cosine_lr,0.05, logistic,0.18,dp,0.92, 0.07, 0.92, 0.07, 0.93, 0.06
10-09-22_16:32:48, configs/celeba/ResNet18pretrained_celeba_ft_reinit.yml, ResNet18_pretrained_celeba_ft_reinit, 128,0.01,cosine_lr,0.05, logistic,0.24,dp,0.91, 0.02, 0.91, 0.03, 0.92, 0.03
10-09-22_16:50:03, configs/celeba/ResNet18pretrained_celeba_ft_reinit.yml, ResNet18_pretrained_celeba_ft_reinit, 128,0.01,cosine_lr,0.05, logistic,0.3,dp,0.90, -0.01, 0.90, -0.01, 0.90, -0.03
10-09-22_17:07:24, configs/celeba/ResNet18pretrained_celeba_ft_reinit.yml, ResNet18_pretrained_celeba_ft_reinit, 128,0.01,cosine_lr,0.05, logistic,0.36,dp,0.86, -0.13, 0.86, -0.13, 0.86, -0.14
10-09-22_17:24:39, configs/celeba/ResNet18pretrained_celeba_ft_reinit.yml, ResNet18_pretrained_celeba_ft_reinit, 128,0.01,cosine_lr,0.1, logistic,0.0,dp,0.92, 0.13, 0.93, 0.15, 0.94, 0.14
10-09-22_17:41:59, configs/celeba/ResNet18pretrained_celeba_ft_reinit.yml, ResNet18_pretrained_celeba_ft_reinit, 128,0.01,cosine_lr,0.1, logistic,0.06,dp,0.93, 0.11, 0.93, 0.11, 0.94, 0.11
10-09-22_17:59:14, configs/celeba/ResNet18pretrained_celeba_ft_reinit.yml, ResNet18_pretrained_celeba_ft_reinit, 128,0.01,cosine_lr,0.1, logistic,0.12,dp,0.92, 0.06, 0.92, 0.07, 0.93, 0.08
10-09-22_18:16:35, configs/celeba/ResNet18pretrained_celeba_ft_reinit.yml, ResNet18_pretrained_celeba_ft_reinit, 128,0.01,cosine_lr,0.1, logistic,0.18,dp,0.92, 0.07, 0.92, 0.07, 0.93, 0.05
10-09-22_18:33:50, configs/celeba/ResNet18pretrained_celeba_ft_reinit.yml, ResNet18_pretrained_celeba_ft_reinit, 128,0.01,cosine_lr,0.1, logistic,0.24,dp,0.90, -0.00, 0.90, -0.00, 0.91, 0.01
10-09-22_18:51:05, configs/celeba/ResNet18pretrained_celeba_ft_reinit.yml, ResNet18_pretrained_celeba_ft_reinit, 128,0.01,cosine_lr,0.1, logistic,0.3,dp,0.89, -0.03, 0.89, -0.03, 0.89, -0.06
10-09-22_19:08:31, configs/celeba/ResNet18pretrained_celeba_ft_reinit.yml, ResNet18_pretrained_celeba_ft_reinit, 128,0.01,cosine_lr,0.1, logistic,0.36,dp,0.84, -0.18, 0.87, -0.08, 0.84, -0.17
10-09-22_19:25:44, configs/celeba/ResNet18pretrained_celeba_ft_reinit.yml, ResNet18_pretrained_celeba_ft_reinit, 128,0.01,cosine_lr,0.4, logistic,0.0,dp,0.92, 0.15, 0.93, 0.16, 0.94, 0.15
10-09-22_19:36:07, configs/celeba/ResNet18pretrained_celeba_ft_reinit.yml, ResNet18_pretrained_celeba_ft_reinit, 128,0.01,cosine_lr,0.4, logistic,0.06,dp,0.92, 0.09, 0.93, 0.10, 0.94, 0.11
10-09-22_19:44:42, configs/celeba/ResNet18pretrained_celeba_ft_reinit.yml, ResNet18_pretrained_celeba_ft_reinit, 128,0.01,cosine_lr,0.4, logistic,0.12,dp,0.92, 0.07, 0.92, 0.07, 0.93, 0.08
10-09-22_19:53:16, configs/celeba/ResNet18pretrained_celeba_ft_reinit.yml, ResNet18_pretrained_celeba_ft_reinit, 128,0.01,cosine_lr,0.4, logistic,0.18,dp,0.92, 0.05, 0.92, 0.05, 0.93, 0.04
10-09-22_20:01:48, configs/celeba/ResNet18pretrained_celeba_ft_reinit.yml, ResNet18_pretrained_celeba_ft_reinit, 128,0.01,cosine_lr,0.4, logistic,0.24,dp,0.89, -0.05, 0.89, -0.01, 0.91, -0.00
10-09-22_20:10:27, configs/celeba/ResNet18pretrained_celeba_ft_reinit.yml, ResNet18_pretrained_celeba_ft_reinit, 128,0.01,cosine_lr,0.4, logistic,0.3,dp,0.87, -0.10, 0.89, -0.04, 0.88, -0.08
10-09-22_20:19:06, configs/celeba/ResNet18pretrained_celeba_ft_reinit.yml, ResNet18_pretrained_celeba_ft_reinit, 128,0.01,cosine_lr,0.4, logistic,0.36,dp,0.86, -0.13, 0.86, -0.13, 0.84, -0.18
10-09-22_20:27:42, configs/celeba/ResNet18pretrained_celeba_ft_reinit.yml, ResNet18_pretrained_celeba_ft_reinit, 128,0.01,cosine_lr,0.8, logistic,0.0,dp,0.93, 0.13, 0.93, 0.13, 0.94, 0.14
10-09-22_20:36:27, configs/celeba/ResNet18pretrained_celeba_ft_reinit.yml, ResNet18_pretrained_celeba_ft_reinit, 128,0.01,cosine_lr,0.8, logistic,0.06,dp,0.93, 0.11, 0.93, 0.11, 0.94, 0.11
10-09-22_20:45:01, configs/celeba/ResNet18pretrained_celeba_ft_reinit.yml, ResNet18_pretrained_celeba_ft_reinit, 128,0.01,cosine_lr,0.8, logistic,0.12,dp,0.92, 0.07, 0.92, 0.07, 0.94, 0.08
10-09-22_20:53:34, configs/celeba/ResNet18pretrained_celeba_ft_reinit.yml, ResNet18_pretrained_celeba_ft_reinit, 128,0.01,cosine_lr,0.8, logistic,0.18,dp,0.91, 0.04, 0.92, 0.06, 0.93, 0.04
10-09-22_21:01:58, configs/celeba/ResNet18pretrained_celeba_ft_reinit.yml, ResNet18_pretrained_celeba_ft_reinit, 128,0.01,cosine_lr,0.8, logistic,0.24,dp,0.88, -0.07, 0.90, -0.02, 0.91, -0.01
10-09-22_21:10:31, configs/celeba/ResNet18pretrained_celeba_ft_reinit.yml, ResNet18_pretrained_celeba_ft_reinit, 128,0.01,cosine_lr,0.8, logistic,0.3,dp,0.89, -0.04, 0.89, -0.04, 0.88, -0.09
10-09-22_21:19:15, configs/celeba/ResNet18pretrained_celeba_ft_reinit.yml, ResNet18_pretrained_celeba_ft_reinit, 128,0.01,cosine_lr,0.8, logistic,0.36,dp,0.86, -0.10, 0.86, -0.10, 0.84, -0.19
10-09-22_21:27:56, configs/celeba/ResNet18pretrained_celeba_ft_reinit.yml, ResNet18_pretrained_celeba_ft_reinit, 128,0.01,cosine_lr,0.95, logistic,0.0,dp,0.92, 0.15, 0.93, 0.14, 0.94, 0.14
10-09-22_21:36:42, configs/celeba/ResNet18pretrained_celeba_ft_reinit.yml, ResNet18_pretrained_celeba_ft_reinit, 128,0.01,cosine_lr,0.95, logistic,0.06,dp,0.92, 0.09, 0.92, 0.11, 0.94, 0.11
10-09-22_21:45:16, configs/celeba/ResNet18pretrained_celeba_ft_reinit.yml, ResNet18_pretrained_celeba_ft_reinit, 128,0.01,cosine_lr,0.95, logistic,0.12,dp,0.92, 0.08, 0.92, 0.08, 0.94, 0.08
10-09-22_21:53:51, configs/celeba/ResNet18pretrained_celeba_ft_reinit.yml, ResNet18_pretrained_celeba_ft_reinit, 128,0.01,cosine_lr,0.95, logistic,0.18,dp,0.91, 0.02, 0.92, 0.05, 0.92, 0.04
10-09-22_22:02:32, configs/celeba/ResNet18pretrained_celeba_ft_reinit.yml, ResNet18_pretrained_celeba_ft_reinit, 128,0.01,cosine_lr,0.95, logistic,0.24,dp,0.90, 0.01, 0.90, 0.01, 0.91, -0.02
10-09-22_22:11:03, configs/celeba/ResNet18pretrained_celeba_ft_reinit.yml, ResNet18_pretrained_celeba_ft_reinit, 128,0.01,cosine_lr,0.95, logistic,0.3,dp,0.84, -0.17, 0.87, -0.08, 0.88, -0.09
10-09-22_22:19:29, configs/celeba/ResNet18pretrained_celeba_ft_reinit.yml, ResNet18_pretrained_celeba_ft_reinit, 128,0.01,cosine_lr,0.95, logistic,0.36,dp,0.85, -0.15, 0.85, -0.15, 0.84, -0.19
10-09-22_22:28:10, configs/celeba/ResNet18pretrained_celeba_ft_reinit.yml, ResNet18_pretrained_celeba_ft_reinit, 128,0.01,cosine_lr,0.05, logistic,0.0,dp,0.92, 0.15, 0.92, 0.15, 0.94, 0.14
10-09-22_22:36:48, configs/celeba/ResNet18pretrained_celeba_ft_reinit.yml, ResNet18_pretrained_celeba_ft_reinit, 128,0.01,cosine_lr,0.05, logistic,0.06,dp,0.93, 0.11, 0.93, 0.11, 0.94, 0.12
10-09-22_22:45:31, configs/celeba/ResNet18pretrained_celeba_ft_reinit.yml, ResNet18_pretrained_celeba_ft_reinit, 128,0.01,cosine_lr,0.05, logistic,0.12,dp,0.92, 0.07, 0.92, 0.07, 0.94, 0.09
10-09-22_22:54:02, configs/celeba/ResNet18pretrained_celeba_ft_reinit.yml, ResNet18_pretrained_celeba_ft_reinit, 128,0.01,cosine_lr,0.05, logistic,0.18,dp,0.92, 0.06, 0.92, 0.08, 0.93, 0.06
10-09-22_23:02:36, configs/celeba/ResNet18pretrained_celeba_ft_reinit.yml, ResNet18_pretrained_celeba_ft_reinit, 128,0.01,cosine_lr,0.05, logistic,0.24,dp,0.91, 0.02, 0.91, 0.02, 0.92, 0.02
10-09-22_23:11:09, configs/celeba/ResNet18pretrained_celeba_ft_reinit.yml, ResNet18_pretrained_celeba_ft_reinit, 128,0.01,cosine_lr,0.05, logistic,0.3,dp,0.90, -0.02, 0.90, -0.01, 0.90, -0.03
10-09-22_23:19:44, configs/celeba/ResNet18pretrained_celeba_ft_reinit.yml, ResNet18_pretrained_celeba_ft_reinit, 128,0.01,cosine_lr,0.05, logistic,0.36,dp,0.87, -0.09, 0.88, -0.09, 0.86, -0.14
10-09-22_23:28:10, configs/celeba/ResNet18pretrained_celeba_ft_reinit.yml, ResNet18_pretrained_celeba_ft_reinit, 128,0.01,cosine_lr,0.1, logistic,0.0,dp,0.91, 0.12, 0.93, 0.15, 0.94, 0.14
10-09-22_23:36:41, configs/celeba/ResNet18pretrained_celeba_ft_reinit.yml, ResNet18_pretrained_celeba_ft_reinit, 128,0.01,cosine_lr,0.1, logistic,0.06,dp,0.93, 0.10, 0.93, 0.10, 0.94, 0.11
10-09-22_23:45:22, configs/celeba/ResNet18pretrained_celeba_ft_reinit.yml, ResNet18_pretrained_celeba_ft_reinit, 128,0.01,cosine_lr,0.1, logistic,0.12,dp,0.92, 0.07, 0.92, 0.07, 0.93, 0.08
10-09-22_23:56:06, configs/celeba/ResNet18pretrained_celeba_ft_reinit.yml, ResNet18_pretrained_celeba_ft_reinit, 128,0.01,cosine_lr,0.001, logistic,0.0,dp,0.78, 0.17, 0.78, 0.17, 0.77, 0.15
10-10-22_00:04:32, configs/celeba/ResNet18pretrained_celeba_ft_reinit.yml, ResNet18_pretrained_celeba_ft_reinit, 128,0.01,cosine_lr,0.001, logistic,0.06,dp,0.77, 0.12, 0.77, 0.12, 0.75, 0.11
10-10-22_00:12:56, configs/celeba/ResNet18pretrained_celeba_ft_reinit.yml, ResNet18_pretrained_celeba_ft_reinit, 128,0.01,cosine_lr,0.001, logistic,0.12,dp,0.73, 0.08, 0.76, 0.09, 0.76, 0.07
10-10-22_00:21:27, configs/celeba/ResNet18pretrained_celeba_ft_reinit.yml, ResNet18_pretrained_celeba_ft_reinit, 128,0.01,cosine_lr,0.001, logistic,0.18,dp,0.72, 0.04, 0.72, 0.04, 0.72, 0.04
10-10-22_00:29:48, configs/celeba/ResNet18pretrained_celeba_ft_reinit.yml, ResNet18_pretrained_celeba_ft_reinit, 128,0.01,cosine_lr,0.001, logistic,0.24,dp,0.73, -0.02, 0.74, -0.01, 0.71, -0.01
10-10-22_00:38:06, configs/celeba/ResNet18pretrained_celeba_ft_reinit.yml, ResNet18_pretrained_celeba_ft_reinit, 128,0.01,cosine_lr,0.001, logistic,0.3,dp,0.70, -0.07, 0.73, -0.07, 0.71, -0.05
10-10-22_00:46:24, configs/celeba/ResNet18pretrained_celeba_ft_reinit.yml, ResNet18_pretrained_celeba_ft_reinit, 128,0.01,cosine_lr,0.001, logistic,0.36,dp,0.67, -0.12, 0.72, -0.19, 0.67, -0.12
10-10-22_00:54:48, configs/celeba/ResNet18pretrained_celeba_ft_reinit.yml, ResNet18_pretrained_celeba_ft_reinit, 128,0.01,cosine_lr,0.005, logistic,0.0,dp,0.92, 0.14, 0.92, 0.14, 0.92, 0.14
10-10-22_01:03:18, configs/celeba/ResNet18pretrained_celeba_ft_reinit.yml, ResNet18_pretrained_celeba_ft_reinit, 128,0.01,cosine_lr,0.005, logistic,0.06,dp,0.92, 0.11, 0.92, 0.11, 0.92, 0.11
10-10-22_01:11:43, configs/celeba/ResNet18pretrained_celeba_ft_reinit.yml, ResNet18_pretrained_celeba_ft_reinit, 128,0.01,cosine_lr,0.005, logistic,0.12,dp,0.92, 0.08, 0.92, 0.08, 0.92, 0.08
10-10-22_01:20:02, configs/celeba/ResNet18pretrained_celeba_ft_reinit.yml, ResNet18_pretrained_celeba_ft_reinit, 128,0.01,cosine_lr,0.005, logistic,0.18,dp,0.91, 0.05, 0.91, 0.05, 0.91, 0.04
10-10-22_01:28:27, configs/celeba/ResNet18pretrained_celeba_ft_reinit.yml, ResNet18_pretrained_celeba_ft_reinit, 128,0.01,cosine_lr,0.005, logistic,0.24,dp,0.90, -0.01, 0.90, -0.01, 0.89, -0.00
10-10-22_01:37:08, configs/celeba/ResNet18pretrained_celeba_ft_reinit.yml, ResNet18_pretrained_celeba_ft_reinit, 128,0.01,cosine_lr,0.005, logistic,0.3,dp,0.87, -0.09, 0.87, -0.09, 0.87, -0.07
10-10-22_01:45:51, configs/celeba/ResNet18pretrained_celeba_ft_reinit.yml, ResNet18_pretrained_celeba_ft_reinit, 128,0.01,cosine_lr,0.005, logistic,0.36,dp,0.84, -0.15, 0.84, -0.15, 0.83, -0.18
10-10-22_01:54:21, configs/celeba/ResNet18pretrained_celeba_ft_reinit.yml, ResNet18_pretrained_celeba_ft_reinit, 128,0.01,cosine_lr,0.001, logistic,0.0,dp,0.75, 0.14, 0.75, 0.15, 0.75, 0.15
10-10-22_02:02:52, configs/celeba/ResNet18pretrained_celeba_ft_reinit.yml, ResNet18_pretrained_celeba_ft_reinit, 128,0.01,cosine_lr,0.001, logistic,0.06,dp,0.72, 0.11, 0.79, 0.12, 0.76, 0.10
10-10-22_02:11:20, configs/celeba/ResNet18pretrained_celeba_ft_reinit.yml, ResNet18_pretrained_celeba_ft_reinit, 128,0.01,cosine_lr,0.001, logistic,0.12,dp,0.76, 0.07, 0.79, 0.08, 0.75, 0.07
10-10-22_02:19:50, configs/celeba/ResNet18pretrained_celeba_ft_reinit.yml, ResNet18_pretrained_celeba_ft_reinit, 128,0.01,cosine_lr,0.001, logistic,0.18,dp,0.77, 0.03, 0.77, 0.03, 0.73, 0.03
10-10-22_02:28:04, configs/celeba/ResNet18pretrained_celeba_ft_reinit.yml, ResNet18_pretrained_celeba_ft_reinit, 128,0.01,cosine_lr,0.001, logistic,0.24,dp,0.76, -0.00, 0.76, -0.01, 0.71, 0.00
10-10-22_02:36:40, configs/celeba/ResNet18pretrained_celeba_ft_reinit.yml, ResNet18_pretrained_celeba_ft_reinit, 128,0.01,cosine_lr,0.001, logistic,0.3,dp,0.72, -0.07, 0.72, -0.07, 0.71, -0.06
10-10-22_02:45:23, configs/celeba/ResNet18pretrained_celeba_ft_reinit.yml, ResNet18_pretrained_celeba_ft_reinit, 128,0.01,cosine_lr,0.001, logistic,0.36,dp,0.68, -0.11, 0.68, -0.11, 0.68, -0.12
10-10-22_02:53:52, configs/celeba/ResNet18pretrained_celeba_ft_reinit.yml, ResNet18_pretrained_celeba_ft_reinit, 128,0.01,cosine_lr,0.005, logistic,0.0,dp,0.92, 0.14, 0.92, 0.14, 0.92, 0.14
10-10-22_03:02:27, configs/celeba/ResNet18pretrained_celeba_ft_reinit.yml, ResNet18_pretrained_celeba_ft_reinit, 128,0.01,cosine_lr,0.005, logistic,0.06,dp,0.92, 0.12, 0.92, 0.12, 0.92, 0.11
10-10-22_03:11:01, configs/celeba/ResNet18pretrained_celeba_ft_reinit.yml, ResNet18_pretrained_celeba_ft_reinit, 128,0.01,cosine_lr,0.005, logistic,0.12,dp,0.92, 0.06, 0.92, 0.06, 0.92, 0.08
10-10-22_03:19:22, configs/celeba/ResNet18pretrained_celeba_ft_reinit.yml, ResNet18_pretrained_celeba_ft_reinit, 128,0.01,cosine_lr,0.005, logistic,0.18,dp,0.91, 0.05, 0.91, 0.05, 0.91, 0.04
10-10-22_03:27:42, configs/celeba/ResNet18pretrained_celeba_ft_reinit.yml, ResNet18_pretrained_celeba_ft_reinit, 128,0.01,cosine_lr,0.005, logistic,0.24,dp,0.90, 0.00, 0.90, 0.00, 0.89, -0.00
10-10-22_03:36:04, configs/celeba/ResNet18pretrained_celeba_ft_reinit.yml, ResNet18_pretrained_celeba_ft_reinit, 128,0.01,cosine_lr,0.005, logistic,0.3,dp,0.88, -0.06, 0.88, -0.06, 0.87, -0.08
10-10-22_03:44:29, configs/celeba/ResNet18pretrained_celeba_ft_reinit.yml, ResNet18_pretrained_celeba_ft_reinit, 128,0.01,cosine_lr,0.005, logistic,0.36,dp,0.84, -0.15, 0.84, -0.15, 0.83, -0.17
10-10-22_03:52:46, configs/celeba/ResNet18pretrained_celeba_ft_reinit.yml, ResNet18_pretrained_celeba_ft_reinit, 128,0.01,cosine_lr,0.001, logistic,0.0,dp,0.75, 0.14, 0.76, 0.15, 0.77, 0.15
10-10-22_04:01:04, configs/celeba/ResNet18pretrained_celeba_ft_reinit.yml, ResNet18_pretrained_celeba_ft_reinit, 128,0.01,cosine_lr,0.001, logistic,0.06,dp,0.75, 0.10, 0.79, 0.11, 0.74, 0.11
10-10-22_04:09:33, configs/celeba/ResNet18pretrained_celeba_ft_reinit.yml, ResNet18_pretrained_celeba_ft_reinit, 128,0.01,cosine_lr,0.001, logistic,0.12,dp,0.73, 0.07, 0.74, 0.06, 0.73, 0.07
10-10-22_04:17:54, configs/celeba/ResNet18pretrained_celeba_ft_reinit.yml, ResNet18_pretrained_celeba_ft_reinit, 128,0.01,cosine_lr,0.001, logistic,0.18,dp,0.68, 0.03, 0.77, 0.05, 0.71, 0.03
10-10-22_04:26:20, configs/celeba/ResNet18pretrained_celeba_ft_reinit.yml, ResNet18_pretrained_celeba_ft_reinit, 128,0.01,cosine_lr,0.001, logistic,0.24,dp,0.71, -0.02, 0.75, -0.03, 0.71, -0.02
10-10-22_04:34:41, configs/celeba/ResNet18pretrained_celeba_ft_reinit.yml, ResNet18_pretrained_celeba_ft_reinit, 128,0.01,cosine_lr,0.001, logistic,0.3,dp,0.74, -0.06, 0.74, -0.06, 0.71, -0.05
10-10-22_04:42:52, configs/celeba/ResNet18pretrained_celeba_ft_reinit.yml, ResNet18_pretrained_celeba_ft_reinit, 128,0.01,cosine_lr,0.001, logistic,0.36,dp,0.70, -0.15, 0.70, -0.15, 0.68, -0.11
10-10-22_04:51:14, configs/celeba/ResNet18pretrained_celeba_ft_reinit.yml, ResNet18_pretrained_celeba_ft_reinit, 128,0.01,cosine_lr,0.005, logistic,0.0,dp,0.92, 0.14, 0.92, 0.14, 0.92, 0.14
10-10-22_04:59:44, configs/celeba/ResNet18pretrained_celeba_ft_reinit.yml, ResNet18_pretrained_celeba_ft_reinit, 128,0.01,cosine_lr,0.005, logistic,0.06,dp,0.92, 0.10, 0.92, 0.10, 0.92, 0.11
10-10-22_05:07:58, configs/celeba/ResNet18pretrained_celeba_ft_reinit.yml, ResNet18_pretrained_celeba_ft_reinit, 128,0.01,cosine_lr,0.005, logistic,0.12,dp,0.92, 0.09, 0.92, 0.09, 0.92, 0.08
10-10-22_05:16:15, configs/celeba/ResNet18pretrained_celeba_ft_reinit.yml, ResNet18_pretrained_celeba_ft_reinit, 128,0.01,cosine_lr,0.005, logistic,0.18,dp,0.91, 0.06, 0.91, 0.06, 0.91, 0.04
10-10-22_05:24:32, configs/celeba/ResNet18pretrained_celeba_ft_reinit.yml, ResNet18_pretrained_celeba_ft_reinit, 128,0.01,cosine_lr,0.005, logistic,0.24,dp,0.90, 0.01, 0.90, 0.01, 0.89, -0.01
10-10-22_05:32:47, configs/celeba/ResNet18pretrained_celeba_ft_reinit.yml, ResNet18_pretrained_celeba_ft_reinit, 128,0.01,cosine_lr,0.005, logistic,0.3,dp,0.87, -0.10, 0.87, -0.10, 0.87, -0.07
10-10-22_05:41:18, configs/celeba/ResNet18pretrained_celeba_ft_reinit.yml, ResNet18_pretrained_celeba_ft_reinit, 128,0.01,cosine_lr,0.005, logistic,0.36,dp,0.81, -0.24, 0.81, -0.24, 0.83, -0.19
10-11-22_02:30:00, configs/celeba/ResNet18pretrained_celeba_ft_reinit.yml, ResNet18_pretrained_celeba_ft_reinit, 128,0.01,cosine_lr,0.001, logistic,0.0,dp,0.90, 0.10, 0.90, 0.10, 0.89, 0.08
10-19-22_02:34:12, configs/celeba/ResNet18pretrained_celeba_ft_reinit.yml, ResNet18_pretrained_celeba_ft_reinit, 128,0.01,cosine_lr,0.001, logistic,0.0,dp,0.48, 0.00, 0.48, 0.00, 0.48, 0.00
10-19-22_02:35:59, configs/celeba/ResNet18pretrained_celeba_ft_reinit.yml, ResNet18_pretrained_celeba_ft_reinit, 128,0.01,cosine_lr,0.001, logistic,0.0,dp,0.72, 0.13, 0.75, 0.13, 0.75, 0.14
10-19-22_02:50:13, configs/celeba/ResNet18pretrained_celeba_ft_reinit.yml, ResNet18_pretrained_celeba_ft_reinit, 128,0.01,cosine_lr,0.001, logistic,0.06,dp,0.71, 0.09, 0.71, 0.09, 0.67, 0.07
10-19-22_02:51:53, configs/celeba/ResNet18pretrained_celeba_ft_reinit.yml, ResNet18_pretrained_celeba_ft_reinit, 128,0.01,cosine_lr,0.001, logistic,0.06,dp,0.72, 0.11, 0.72, 0.11, 0.70, 0.11
10-19-22_03:06:10, configs/celeba/ResNet18pretrained_celeba_ft_reinit.yml, ResNet18_pretrained_celeba_ft_reinit, 128,0.01,cosine_lr,0.001, logistic,0.12,dp,0.71, 0.05, 0.71, 0.05, 0.68, 0.05
10-19-22_03:07:57, configs/celeba/ResNet18pretrained_celeba_ft_reinit.yml, ResNet18_pretrained_celeba_ft_reinit, 128,0.01,cosine_lr,0.001, logistic,0.12,dp,0.72, 0.07, 0.72, 0.07, 0.71, 0.05
10-19-22_03:22:01, configs/celeba/ResNet18pretrained_celeba_ft_reinit.yml, ResNet18_pretrained_celeba_ft_reinit, 128,0.01,cosine_lr,0.001, logistic,0.18,dp,0.69, 0.03, 0.69, 0.03, 0.69, 0.03
10-19-22_03:23:46, configs/celeba/ResNet18pretrained_celeba_ft_reinit.yml, ResNet18_pretrained_celeba_ft_reinit, 128,0.01,cosine_lr,0.001, logistic,0.18,dp,0.74, 0.06, 0.74, 0.06, 0.71, 0.04
10-19-22_03:37:53, configs/celeba/ResNet18pretrained_celeba_ft_reinit.yml, ResNet18_pretrained_celeba_ft_reinit, 128,0.01,cosine_lr,0.001, logistic,0.24,dp,0.67, -0.04, 0.67, -0.04, 0.65, -0.02
10-19-22_03:39:39, configs/celeba/ResNet18pretrained_celeba_ft_reinit.yml, ResNet18_pretrained_celeba_ft_reinit, 128,0.01,cosine_lr,0.001, logistic,0.24,dp,0.72, -0.02, 0.72, -0.02, 0.68, -0.02
10-19-22_03:53:58, configs/celeba/ResNet18pretrained_celeba_ft_reinit.yml, ResNet18_pretrained_celeba_ft_reinit, 128,0.01,cosine_lr,0.001, logistic,0.3,dp,0.48, 0.00, 0.48, 0.00, 0.48, 0.00
10-19-22_03:55:28, configs/celeba/ResNet18pretrained_celeba_ft_reinit.yml, ResNet18_pretrained_celeba_ft_reinit, 128,0.01,cosine_lr,0.001, logistic,0.3,dp,0.48, 0.00, 0.48, 0.00, 0.48, 0.00
10-19-22_04:10:05, configs/celeba/ResNet18pretrained_celeba_ft_reinit.yml, ResNet18_pretrained_celeba_ft_reinit, 128,0.01,cosine_lr,0.001, logistic,0.36,dp,0.66, -0.09, 0.66, -0.09, 0.61, -0.06
10-19-22_04:11:22, configs/celeba/ResNet18pretrained_celeba_ft_reinit.yml, ResNet18_pretrained_celeba_ft_reinit, 128,0.01,cosine_lr,0.001, logistic,0.36,dp,0.58, -0.06, 0.62, -0.09, 0.59, -0.06
10-19-22_04:26:16, configs/celeba/ResNet18pretrained_celeba_ft_reinit.yml, ResNet18_pretrained_celeba_ft_reinit, 128,0.01,cosine_lr,0.005, logistic,0.0,dp,0.92, 0.14, 0.92, 0.14, 0.92, 0.14
10-19-22_04:27:30, configs/celeba/ResNet18pretrained_celeba_ft_reinit.yml, ResNet18_pretrained_celeba_ft_reinit, 128,0.01,cosine_lr,0.005, logistic,0.0,dp,0.92, 0.15, 0.92, 0.15, 0.92, 0.14
10-19-22_04:42:27, configs/celeba/ResNet18pretrained_celeba_ft_reinit.yml, ResNet18_pretrained_celeba_ft_reinit, 128,0.01,cosine_lr,0.005, logistic,0.06,dp,0.92, 0.10, 0.92, 0.10, 0.92, 0.10
10-19-22_04:43:29, configs/celeba/ResNet18pretrained_celeba_ft_reinit.yml, ResNet18_pretrained_celeba_ft_reinit, 128,0.01,cosine_lr,0.005, logistic,0.06,dp,0.92, 0.10, 0.92, 0.10, 0.92, 0.10
10-19-22_05:00:15, configs/celeba/ResNet18pretrained_celeba_ft_reinit.yml, ResNet18_pretrained_celeba_ft_reinit, 128,0.01,cosine_lr,0.005, logistic,0.12,dp,0.91, 0.05, 0.91, 0.05, 0.91, 0.06
10-19-22_05:00:50, configs/celeba/ResNet18pretrained_celeba_ft_reinit.yml, ResNet18_pretrained_celeba_ft_reinit, 128,0.01,cosine_lr,0.005, logistic,0.12,dp,0.91, 0.06, 0.91, 0.06, 0.91, 0.06
10-19-22_05:17:47, configs/celeba/ResNet18pretrained_celeba_ft_reinit.yml, ResNet18_pretrained_celeba_ft_reinit, 128,0.01,cosine_lr,0.005, logistic,0.18,dp,0.62, 0.03, 0.66, 0.03, 0.64, 0.03
10-19-22_05:22:48, configs/celeba/ResNet18pretrained_celeba_ft_reinit.yml, ResNet18_pretrained_celeba_ft_reinit, 128,0.01,cosine_lr,0.005, logistic,0.18,dp,0.90, 0.01, 0.90, 0.03, 0.90, 0.02
10-19-22_05:35:11, configs/celeba/ResNet18pretrained_celeba_ft_reinit.yml, ResNet18_pretrained_celeba_ft_reinit, 128,0.01,cosine_lr,0.005, logistic,0.24,dp,0.88, -0.05, 0.88, -0.05, 0.88, -0.06
10-19-22_05:45:04, configs/celeba/ResNet18pretrained_celeba_ft_reinit.yml, ResNet18_pretrained_celeba_ft_reinit, 128,0.01,cosine_lr,0.005, logistic,0.24,dp,0.88, -0.04, 0.88, -0.04, 0.87, -0.06
10-19-22_05:53:15, configs/celeba/ResNet18pretrained_celeba_ft_reinit.yml, ResNet18_pretrained_celeba_ft_reinit, 128,0.01,cosine_lr,0.005, logistic,0.3,dp,0.85, -0.14, 0.85, -0.14, 0.84, -0.15
10-19-22_06:07:17, configs/celeba/ResNet18pretrained_celeba_ft_reinit.yml, ResNet18_pretrained_celeba_ft_reinit, 128,0.01,cosine_lr,0.005, logistic,0.3,dp,0.86, -0.11, 0.87, -0.04, 0.85, -0.11
10-19-22_06:10:46, configs/celeba/ResNet18pretrained_celeba_ft_reinit.yml, ResNet18_pretrained_celeba_ft_reinit, 128,0.01,cosine_lr,0.005, logistic,0.36,dp,0.80, -0.23, 0.81, -0.22, 0.82, -0.21
10-19-22_06:28:24, configs/celeba/ResNet18pretrained_celeba_ft_reinit.yml, ResNet18_pretrained_celeba_ft_reinit, 128,0.01,cosine_lr,0.001, logistic,0.0,dp,0.71, 0.12, 0.76, 0.14, 0.71, 0.13
10-19-22_06:29:51, configs/celeba/ResNet18pretrained_celeba_ft_reinit.yml, ResNet18_pretrained_celeba_ft_reinit, 128,0.01,cosine_lr,0.005, logistic,0.36,dp,0.81, -0.23, 0.81, -0.23, 0.81, -0.22
10-19-22_06:45:51, configs/celeba/ResNet18pretrained_celeba_ft_reinit.yml, ResNet18_pretrained_celeba_ft_reinit, 128,0.01,cosine_lr,0.001, logistic,0.06,dp,0.71, 0.10, 0.74, 0.10, 0.69, 0.08
10-19-22_06:51:56, configs/celeba/ResNet18pretrained_celeba_ft_reinit.yml, ResNet18_pretrained_celeba_ft_reinit, 128,0.01,cosine_lr,0.001, logistic,0.0,dp,0.72, 0.15, 0.74, 0.16, 0.71, 0.14
10-19-22_07:03:24, configs/celeba/ResNet18pretrained_celeba_ft_reinit.yml, ResNet18_pretrained_celeba_ft_reinit, 128,0.01,cosine_lr,0.001, logistic,0.12,dp,0.69, 0.05, 0.75, 0.05, 0.69, 0.04
10-19-22_07:14:23, configs/celeba/ResNet18pretrained_celeba_ft_reinit.yml, ResNet18_pretrained_celeba_ft_reinit, 128,0.01,cosine_lr,0.001, logistic,0.06,dp,0.67, 0.07, 0.69, 0.07, 0.68, 0.07
10-19-22_07:20:53, configs/celeba/ResNet18pretrained_celeba_ft_reinit.yml, ResNet18_pretrained_celeba_ft_reinit, 128,0.01,cosine_lr,0.001, logistic,0.18,dp,0.68, 0.03, 0.68, 0.03, 0.67, 0.03
10-19-22_07:36:41, configs/celeba/ResNet18pretrained_celeba_ft_reinit.yml, ResNet18_pretrained_celeba_ft_reinit, 128,0.01,cosine_lr,0.001, logistic,0.12,dp,0.77, 0.07, 0.77, 0.07, 0.74, 0.06
10-19-22_07:38:26, configs/celeba/ResNet18pretrained_celeba_ft_reinit.yml, ResNet18_pretrained_celeba_ft_reinit, 128,0.01,cosine_lr,0.001, logistic,0.24,dp,0.59, -0.01, 0.59, -0.01, 0.60, -0.02
10-19-22_07:56:04, configs/celeba/ResNet18pretrained_celeba_ft_reinit.yml, ResNet18_pretrained_celeba_ft_reinit, 128,0.01,cosine_lr,0.001, logistic,0.3,dp,0.62, -0.02, 0.62, -0.02, 0.63, -0.03
10-19-22_07:58:55, configs/celeba/ResNet18pretrained_celeba_ft_reinit.yml, ResNet18_pretrained_celeba_ft_reinit, 128,0.01,cosine_lr,0.001, logistic,0.18,dp,0.72, 0.01, 0.72, 0.01, 0.69, 0.02
10-19-22_08:13:33, configs/celeba/ResNet18pretrained_celeba_ft_reinit.yml, ResNet18_pretrained_celeba_ft_reinit, 128,0.01,cosine_lr,0.001, logistic,0.36,dp,0.62, -0.09, 0.70, -0.11, 0.62, -0.08
10-19-22_08:21:17, configs/celeba/ResNet18pretrained_celeba_ft_reinit.yml, ResNet18_pretrained_celeba_ft_reinit, 128,0.01,cosine_lr,0.001, logistic,0.24,dp,0.64, -0.00, 0.64, -0.00, 0.65, 0.00
10-19-22_08:31:19, configs/celeba/ResNet18pretrained_celeba_ft_reinit.yml, ResNet18_pretrained_celeba_ft_reinit, 128,0.01,cosine_lr,0.005, logistic,0.0,dp,0.92, 0.15, 0.92, 0.15, 0.92, 0.14
10-19-22_08:43:20, configs/celeba/ResNet18pretrained_celeba_ft_reinit.yml, ResNet18_pretrained_celeba_ft_reinit, 128,0.01,cosine_lr,0.001, logistic,0.3,dp,0.63, -0.08, 0.64, -0.05, 0.65, -0.05
10-19-22_08:50:09, configs/celeba/ResNet18pretrained_celeba_ft_reinit.yml, ResNet18_pretrained_celeba_ft_reinit, 128,0.01,cosine_lr,0.005, logistic,0.06,dp,0.68, 0.08, 0.70, 0.09, 0.68, 0.07
10-19-22_09:05:40, configs/celeba/ResNet18pretrained_celeba_ft_reinit.yml, ResNet18_pretrained_celeba_ft_reinit, 128,0.01,cosine_lr,0.001, logistic,0.36,dp,0.61, -0.07, 0.61, -0.07, 0.59, -0.06
10-19-22_09:12:33, configs/celeba/ResNet18pretrained_celeba_ft_reinit.yml, ResNet18_pretrained_celeba_ft_reinit, 128,0.01,cosine_lr,0.005, logistic,0.12,dp,0.91, 0.06, 0.91, 0.06, 0.91, 0.06
10-19-22_09:28:01, configs/celeba/ResNet18pretrained_celeba_ft_reinit.yml, ResNet18_pretrained_celeba_ft_reinit, 128,0.01,cosine_lr,0.005, logistic,0.0,dp,0.92, 0.13, 0.92, 0.13, 0.92, 0.14
10-19-22_09:34:57, configs/celeba/ResNet18pretrained_celeba_ft_reinit.yml, ResNet18_pretrained_celeba_ft_reinit, 128,0.01,cosine_lr,0.005, logistic,0.18,dp,0.90, 0.03, 0.90, 0.03, 0.90, 0.02
10-19-22_09:50:26, configs/celeba/ResNet18pretrained_celeba_ft_reinit.yml, ResNet18_pretrained_celeba_ft_reinit, 128,0.01,cosine_lr,0.005, logistic,0.06,dp,0.92, 0.10, 0.92, 0.10, 0.92, 0.10
10-19-22_09:57:18, configs/celeba/ResNet18pretrained_celeba_ft_reinit.yml, ResNet18_pretrained_celeba_ft_reinit, 128,0.01,cosine_lr,0.005, logistic,0.24,dp,0.87, -0.09, 0.87, -0.09, 0.88, -0.05
10-19-22_10:12:41, configs/celeba/ResNet18pretrained_celeba_ft_reinit.yml, ResNet18_pretrained_celeba_ft_reinit, 128,0.01,cosine_lr,0.005, logistic,0.12,dp,0.91, 0.05, 0.91, 0.05, 0.91, 0.06
10-19-22_10:19:53, configs/celeba/ResNet18pretrained_celeba_ft_reinit.yml, ResNet18_pretrained_celeba_ft_reinit, 128,0.01,cosine_lr,0.005, logistic,0.3,dp,0.85, -0.12, 0.85, -0.12, 0.85, -0.13
10-19-22_10:35:03, configs/celeba/ResNet18pretrained_celeba_ft_reinit.yml, ResNet18_pretrained_celeba_ft_reinit, 128,0.01,cosine_lr,0.005, logistic,0.18,dp,0.90, 0.00, 0.90, 0.00, 0.90, 0.01
10-19-22_10:42:06, configs/celeba/ResNet18pretrained_celeba_ft_reinit.yml, ResNet18_pretrained_celeba_ft_reinit, 128,0.01,cosine_lr,0.005, logistic,0.36,dp,0.82, -0.19, 0.85, -0.12, 0.82, -0.21
10-19-22_10:57:23, configs/celeba/ResNet18pretrained_celeba_ft_reinit.yml, ResNet18_pretrained_celeba_ft_reinit, 128,0.01,cosine_lr,0.005, logistic,0.24,dp,0.88, -0.06, 0.88, -0.06, 0.88, -0.05
10-19-22_11:04:25, configs/celeba/ResNet18pretrained_celeba_ft_reinit.yml, ResNet18_pretrained_celeba_ft_reinit, 128,0.01,cosine_lr,0.001, logistic,0.0,dp,0.76, 0.13, 0.76, 0.13, 0.69, 0.11
10-19-22_11:19:37, configs/celeba/ResNet18pretrained_celeba_ft_reinit.yml, ResNet18_pretrained_celeba_ft_reinit, 128,0.01,cosine_lr,0.005, logistic,0.3,dp,0.84, -0.15, 0.86, -0.10, 0.85, -0.13
10-19-22_11:26:36, configs/celeba/ResNet18pretrained_celeba_ft_reinit.yml, ResNet18_pretrained_celeba_ft_reinit, 128,0.01,cosine_lr,0.001, logistic,0.06,dp,0.48, 0.00, 0.48, 0.00, 0.48, 0.00
10-19-22_11:41:47, configs/celeba/ResNet18pretrained_celeba_ft_reinit.yml, ResNet18_pretrained_celeba_ft_reinit, 128,0.01,cosine_lr,0.005, logistic,0.36,dp,0.82, -0.18, 0.82, -0.18, 0.82, -0.22
10-19-22_11:48:46, configs/celeba/ResNet18pretrained_celeba_ft_reinit.yml, ResNet18_pretrained_celeba_ft_reinit, 128,0.01,cosine_lr,0.001, logistic,0.12,dp,0.70, 0.05, 0.74, 0.07, 0.71, 0.06
10-19-22_12:04:04, configs/celeba/ResNet18pretrained_celeba_ft_reinit.yml, ResNet18_pretrained_celeba_ft_reinit, 128,0.01,cosine_lr,0.001, logistic,0.0,dp,0.76, 0.13, 0.76, 0.13, 0.74, 0.13
10-19-22_12:10:58, configs/celeba/ResNet18pretrained_celeba_ft_reinit.yml, ResNet18_pretrained_celeba_ft_reinit, 128,0.01,cosine_lr,0.001, logistic,0.18,dp,0.68, 0.05, 0.71, 0.06, 0.68, 0.03
10-19-22_12:26:11, configs/celeba/ResNet18pretrained_celeba_ft_reinit.yml, ResNet18_pretrained_celeba_ft_reinit, 128,0.01,cosine_lr,0.001, logistic,0.06,dp,0.76, 0.11, 0.80, 0.13, 0.74, 0.10
10-19-22_12:33:10, configs/celeba/ResNet18pretrained_celeba_ft_reinit.yml, ResNet18_pretrained_celeba_ft_reinit, 128,0.01,cosine_lr,0.001, logistic,0.24,dp,0.65, -0.02, 0.69, -0.03, 0.65, -0.03
10-19-22_12:48:31, configs/celeba/ResNet18pretrained_celeba_ft_reinit.yml, ResNet18_pretrained_celeba_ft_reinit, 128,0.01,cosine_lr,0.001, logistic,0.12,dp,0.48, 0.00, 0.48, 0.00, 0.48, 0.00
10-19-22_12:55:21, configs/celeba/ResNet18pretrained_celeba_ft_reinit.yml, ResNet18_pretrained_celeba_ft_reinit, 128,0.01,cosine_lr,0.001, logistic,0.3,dp,0.48, 0.00, 0.48, 0.00, 0.48, 0.00
10-19-22_13:10:36, configs/celeba/ResNet18pretrained_celeba_ft_reinit.yml, ResNet18_pretrained_celeba_ft_reinit, 128,0.01,cosine_lr,0.001, logistic,0.18,dp,0.66, 0.03, 0.67, 0.02, 0.65, 0.03
10-19-22_13:17:35, configs/celeba/ResNet18pretrained_celeba_ft_reinit.yml, ResNet18_pretrained_celeba_ft_reinit, 128,0.01,cosine_lr,0.001, logistic,0.36,dp,0.64, -0.10, 0.67, -0.13, 0.64, -0.08
10-19-22_13:32:42, configs/celeba/ResNet18pretrained_celeba_ft_reinit.yml, ResNet18_pretrained_celeba_ft_reinit, 128,0.01,cosine_lr,0.001, logistic,0.24,dp,0.48, 0.00, 0.48, 0.00, 0.48, 0.00
10-19-22_13:39:54, configs/celeba/ResNet18pretrained_celeba_ft_reinit.yml, ResNet18_pretrained_celeba_ft_reinit, 128,0.01,cosine_lr,0.005, logistic,0.0,dp,0.92, 0.15, 0.92, 0.15, 0.92, 0.14
10-19-22_13:54:48, configs/celeba/ResNet18pretrained_celeba_ft_reinit.yml, ResNet18_pretrained_celeba_ft_reinit, 128,0.01,cosine_lr,0.001, logistic,0.3,dp,0.61, -0.05, 0.66, -0.05, 0.63, -0.04
10-19-22_14:02:06, configs/celeba/ResNet18pretrained_celeba_ft_reinit.yml, ResNet18_pretrained_celeba_ft_reinit, 128,0.01,cosine_lr,0.005, logistic,0.06,dp,0.91, 0.08, 0.91, 0.08, 0.92, 0.10
10-19-22_14:17:05, configs/celeba/ResNet18pretrained_celeba_ft_reinit.yml, ResNet18_pretrained_celeba_ft_reinit, 128,0.01,cosine_lr,0.001, logistic,0.36,dp,0.58, -0.07, 0.58, -0.07, 0.60, -0.07
10-19-22_14:24:29, configs/celeba/ResNet18pretrained_celeba_ft_reinit.yml, ResNet18_pretrained_celeba_ft_reinit, 128,0.01,cosine_lr,0.005, logistic,0.12,dp,0.91, 0.05, 0.91, 0.05, 0.91, 0.06
10-19-22_14:39:12, configs/celeba/ResNet18pretrained_celeba_ft_reinit.yml, ResNet18_pretrained_celeba_ft_reinit, 128,0.01,cosine_lr,0.005, logistic,0.0,dp,0.92, 0.15, 0.92, 0.15, 0.92, 0.14
10-19-22_14:46:46, configs/celeba/ResNet18pretrained_celeba_ft_reinit.yml, ResNet18_pretrained_celeba_ft_reinit, 128,0.01,cosine_lr,0.005, logistic,0.18,dp,0.90, 0.01, 0.90, 0.01, 0.90, 0.01
10-19-22_15:01:16, configs/celeba/ResNet18pretrained_celeba_ft_reinit.yml, ResNet18_pretrained_celeba_ft_reinit, 128,0.01,cosine_lr,0.005, logistic,0.06,dp,0.92, 0.10, 0.92, 0.10, 0.92, 0.10
10-19-22_15:09:05, configs/celeba/ResNet18pretrained_celeba_ft_reinit.yml, ResNet18_pretrained_celeba_ft_reinit, 128,0.01,cosine_lr,0.005, logistic,0.24,dp,0.87, -0.08, 0.87, -0.08, 0.88, -0.05
10-19-22_15:23:46, configs/celeba/ResNet18pretrained_celeba_ft_reinit.yml, ResNet18_pretrained_celeba_ft_reinit, 128,0.01,cosine_lr,0.005, logistic,0.12,dp,0.91, 0.06, 0.91, 0.06, 0.91, 0.06
10-19-22_15:31:34, configs/celeba/ResNet18pretrained_celeba_ft_reinit.yml, ResNet18_pretrained_celeba_ft_reinit, 128,0.01,cosine_lr,0.005, logistic,0.3,dp,0.84, -0.15, 0.84, -0.15, 0.85, -0.12
10-19-22_15:46:01, configs/celeba/ResNet18pretrained_celeba_ft_reinit.yml, ResNet18_pretrained_celeba_ft_reinit, 128,0.01,cosine_lr,0.005, logistic,0.18,dp,0.89, -0.01, 0.89, 0.01, 0.90, 0.01
10-19-22_15:53:55, configs/celeba/ResNet18pretrained_celeba_ft_reinit.yml, ResNet18_pretrained_celeba_ft_reinit, 128,0.01,cosine_lr,0.005, logistic,0.36,dp,0.82, -0.19, 0.82, -0.18, 0.81, -0.21
10-19-22_16:08:22, configs/celeba/ResNet18pretrained_celeba_ft_reinit.yml, ResNet18_pretrained_celeba_ft_reinit, 128,0.01,cosine_lr,0.005, logistic,0.24,dp,0.87, -0.08, 0.88, -0.05, 0.88, -0.05
10-19-22_16:14:55, configs/celeba/ResNet18pretrained_celeba_ft_reinit.yml, ResNet18_pretrained_celeba_ft_reinit, 128,0.01,cosine_lr,0.1, logistic,0.0,dp,0.92, 0.14, 0.93, 0.13, 0.94, 0.14
10-19-22_16:24:11, configs/celeba/ResNet18pretrained_celeba_ft_reinit.yml, ResNet18_pretrained_celeba_ft_reinit, 128,0.01,cosine_lr,0.005, logistic,0.3,dp,0.82, -0.18, 0.83, -0.17, 0.85, -0.12
10-19-22_16:29:04, configs/celeba/ResNet18pretrained_celeba_ft_reinit.yml, ResNet18_pretrained_celeba_ft_reinit, 128,0.01,cosine_lr,0.1, logistic,0.06,dp,0.93, 0.10, 0.93, 0.10, 0.94, 0.11
10-19-22_16:38:41, configs/celeba/ResNet18pretrained_celeba_ft_reinit.yml, ResNet18_pretrained_celeba_ft_reinit, 128,0.01,cosine_lr,0.005, logistic,0.36,dp,0.82, -0.20, 0.82, -0.20, 0.82, -0.21
10-19-22_16:43:12, configs/celeba/ResNet18pretrained_celeba_ft_reinit.yml, ResNet18_pretrained_celeba_ft_reinit, 128,0.01,cosine_lr,0.1, logistic,0.12,dp,0.92, 0.09, 0.92, 0.09, 0.93, 0.07
10-19-22_16:52:58, configs/celeba/ResNet18pretrained_celeba_ft_reinit.yml, ResNet18_pretrained_celeba_ft_reinit, 128,0.01,cosine_lr,0.1, logistic,0.0,dp,0.93, 0.14, 0.93, 0.14, 0.94, 0.14
10-19-22_16:57:32, configs/celeba/ResNet18pretrained_celeba_ft_reinit.yml, ResNet18_pretrained_celeba_ft_reinit, 128,0.01,cosine_lr,0.1, logistic,0.18,dp,0.92, 0.05, 0.92, 0.05, 0.92, 0.04
10-19-22_17:07:13, configs/celeba/ResNet18pretrained_celeba_ft_reinit.yml, ResNet18_pretrained_celeba_ft_reinit, 128,0.01,cosine_lr,0.1, logistic,0.06,dp,0.93, 0.10, 0.93, 0.10, 0.94, 0.11
10-19-22_17:12:00, configs/celeba/ResNet18pretrained_celeba_ft_reinit.yml, ResNet18_pretrained_celeba_ft_reinit, 128,0.01,cosine_lr,0.1, logistic,0.24,dp,0.89, -0.05, 0.90, 0.01, 0.90, -0.02
10-19-22_17:21:39, configs/celeba/ResNet18pretrained_celeba_ft_reinit.yml, ResNet18_pretrained_celeba_ft_reinit, 128,0.01,cosine_lr,0.1, logistic,0.12,dp,0.92, 0.09, 0.92, 0.09, 0.93, 0.08
10-19-22_17:26:13, configs/celeba/ResNet18pretrained_celeba_ft_reinit.yml, ResNet18_pretrained_celeba_ft_reinit, 128,0.01,cosine_lr,0.1, logistic,0.3,dp,0.86, -0.10, 0.90, 0.00, 0.88, -0.08
10-19-22_17:36:08, configs/celeba/ResNet18pretrained_celeba_ft_reinit.yml, ResNet18_pretrained_celeba_ft_reinit, 128,0.01,cosine_lr,0.1, logistic,0.18,dp,0.92, 0.05, 0.92, 0.05, 0.92, 0.04
10-19-22_17:40:31, configs/celeba/ResNet18pretrained_celeba_ft_reinit.yml, ResNet18_pretrained_celeba_ft_reinit, 128,0.01,cosine_lr,0.1, logistic,0.36,dp,0.83, -0.20, 0.83, -0.20, 0.84, -0.18
10-19-22_17:50:41, configs/celeba/ResNet18pretrained_celeba_ft_reinit.yml, ResNet18_pretrained_celeba_ft_reinit, 128,0.01,cosine_lr,0.1, logistic,0.24,dp,0.90, -0.02, 0.90, 0.01, 0.91, -0.01
10-19-22_17:54:49, configs/celeba/ResNet18pretrained_celeba_ft_reinit.yml, ResNet18_pretrained_celeba_ft_reinit, 128,0.01,cosine_lr,0.4, logistic,0.0,dp,0.92, 0.14, 0.93, 0.13, 0.94, 0.14
10-19-22_18:05:06, configs/celeba/ResNet18pretrained_celeba_ft_reinit.yml, ResNet18_pretrained_celeba_ft_reinit, 128,0.01,cosine_lr,0.1, logistic,0.3,dp,0.87, -0.09, 0.87, -0.09, 0.88, -0.08
10-19-22_18:09:07, configs/celeba/ResNet18pretrained_celeba_ft_reinit.yml, ResNet18_pretrained_celeba_ft_reinit, 128,0.01,cosine_lr,0.4, logistic,0.06,dp,0.93, 0.10, 0.93, 0.10, 0.94, 0.11
10-19-22_18:19:37, configs/celeba/ResNet18pretrained_celeba_ft_reinit.yml, ResNet18_pretrained_celeba_ft_reinit, 128,0.01,cosine_lr,0.1, logistic,0.36,dp,0.82, -0.23, 0.83, -0.18, 0.84, -0.18
10-19-22_18:23:23, configs/celeba/ResNet18pretrained_celeba_ft_reinit.yml, ResNet18_pretrained_celeba_ft_reinit, 128,0.01,cosine_lr,0.4, logistic,0.12,dp,0.92, 0.07, 0.92, 0.07, 0.93, 0.08
10-19-22_18:33:51, configs/celeba/ResNet18pretrained_celeba_ft_reinit.yml, ResNet18_pretrained_celeba_ft_reinit, 128,0.01,cosine_lr,0.4, logistic,0.0,dp,0.93, 0.13, 0.93, 0.13, 0.94, 0.14
10-19-22_18:37:28, configs/celeba/ResNet18pretrained_celeba_ft_reinit.yml, ResNet18_pretrained_celeba_ft_reinit, 128,0.01,cosine_lr,0.4, logistic,0.18,dp,0.92, 0.04, 0.92, 0.06, 0.92, 0.04
10-19-22_18:47:55, configs/celeba/ResNet18pretrained_celeba_ft_reinit.yml, ResNet18_pretrained_celeba_ft_reinit, 128,0.01,cosine_lr,0.4, logistic,0.06,dp,0.92, 0.09, 0.92, 0.10, 0.94, 0.11
10-19-22_18:51:25, configs/celeba/ResNet18pretrained_celeba_ft_reinit.yml, ResNet18_pretrained_celeba_ft_reinit, 128,0.01,cosine_lr,0.4, logistic,0.24,dp,0.90, -0.02, 0.90, -0.02, 0.91, -0.01
10-19-22_19:01:54, configs/celeba/ResNet18pretrained_celeba_ft_reinit.yml, ResNet18_pretrained_celeba_ft_reinit, 128,0.01,cosine_lr,0.4, logistic,0.12,dp,0.92, 0.08, 0.92, 0.08, 0.93, 0.08
10-19-22_19:05:20, configs/celeba/ResNet18pretrained_celeba_ft_reinit.yml, ResNet18_pretrained_celeba_ft_reinit, 128,0.01,cosine_lr,0.4, logistic,0.3,dp,0.88, -0.05, 0.88, -0.05, 0.88, -0.09
10-19-22_19:16:00, configs/celeba/ResNet18pretrained_celeba_ft_reinit.yml, ResNet18_pretrained_celeba_ft_reinit, 128,0.01,cosine_lr,0.4, logistic,0.18,dp,0.91, 0.02, 0.91, 0.02, 0.92, 0.04
10-19-22_19:19:26, configs/celeba/ResNet18pretrained_celeba_ft_reinit.yml, ResNet18_pretrained_celeba_ft_reinit, 128,0.01,cosine_lr,0.4, logistic,0.36,dp,0.85, -0.16, 0.85, -0.16, 0.84, -0.18
10-19-22_19:30:05, configs/celeba/ResNet18pretrained_celeba_ft_reinit.yml, ResNet18_pretrained_celeba_ft_reinit, 128,0.01,cosine_lr,0.4, logistic,0.24,dp,0.89, -0.03, 0.90, 0.01, 0.91, -0.01
10-19-22_19:33:40, configs/celeba/ResNet18pretrained_celeba_ft_reinit.yml, ResNet18_pretrained_celeba_ft_reinit, 128,0.01,cosine_lr,0.8, logistic,0.0,dp,0.93, 0.14, 0.93, 0.14, 0.94, 0.14
10-19-22_19:44:15, configs/celeba/ResNet18pretrained_celeba_ft_reinit.yml, ResNet18_pretrained_celeba_ft_reinit, 128,0.01,cosine_lr,0.4, logistic,0.3,dp,0.87, -0.09, 0.87, -0.09, 0.88, -0.08
10-19-22_19:47:51, configs/celeba/ResNet18pretrained_celeba_ft_reinit.yml, ResNet18_pretrained_celeba_ft_reinit, 128,0.01,cosine_lr,0.8, logistic,0.06,dp,0.92, 0.10, 0.92, 0.10, 0.94, 0.11
10-19-22_19:58:21, configs/celeba/ResNet18pretrained_celeba_ft_reinit.yml, ResNet18_pretrained_celeba_ft_reinit, 128,0.01,cosine_lr,0.4, logistic,0.36,dp,0.84, -0.17, 0.84, -0.17, 0.84, -0.19
10-19-22_20:01:52, configs/celeba/ResNet18pretrained_celeba_ft_reinit.yml, ResNet18_pretrained_celeba_ft_reinit, 128,0.01,cosine_lr,0.8, logistic,0.12,dp,0.92, 0.06, 0.92, 0.07, 0.93, 0.07
10-19-22_20:12:27, configs/celeba/ResNet18pretrained_celeba_ft_reinit.yml, ResNet18_pretrained_celeba_ft_reinit, 128,0.01,cosine_lr,0.8, logistic,0.0,dp,0.93, 0.15, 0.93, 0.15, 0.94, 0.14
10-19-22_20:16:11, configs/celeba/ResNet18pretrained_celeba_ft_reinit.yml, ResNet18_pretrained_celeba_ft_reinit, 128,0.01,cosine_lr,0.8, logistic,0.18,dp,0.92, 0.04, 0.92, 0.04, 0.92, 0.03
10-19-22_20:26:34, configs/celeba/ResNet18pretrained_celeba_ft_reinit.yml, ResNet18_pretrained_celeba_ft_reinit, 128,0.01,cosine_lr,0.8, logistic,0.06,dp,0.93, 0.11, 0.93, 0.11, 0.94, 0.11
10-19-22_20:30:17, configs/celeba/ResNet18pretrained_celeba_ft_reinit.yml, ResNet18_pretrained_celeba_ft_reinit, 128,0.01,cosine_lr,0.8, logistic,0.24,dp,0.90, -0.01, 0.90, -0.01, 0.91, -0.02
10-19-22_20:40:42, configs/celeba/ResNet18pretrained_celeba_ft_reinit.yml, ResNet18_pretrained_celeba_ft_reinit, 128,0.01,cosine_lr,0.8, logistic,0.12,dp,0.92, 0.08, 0.92, 0.08, 0.93, 0.08
10-19-22_20:44:30, configs/celeba/ResNet18pretrained_celeba_ft_reinit.yml, ResNet18_pretrained_celeba_ft_reinit, 128,0.01,cosine_lr,0.8, logistic,0.3,dp,0.83, -0.17, 0.86, -0.10, 0.88, -0.09
10-19-22_20:54:53, configs/celeba/ResNet18pretrained_celeba_ft_reinit.yml, ResNet18_pretrained_celeba_ft_reinit, 128,0.01,cosine_lr,0.8, logistic,0.18,dp,0.92, 0.05, 0.92, 0.05, 0.92, 0.04
10-19-22_20:58:34, configs/celeba/ResNet18pretrained_celeba_ft_reinit.yml, ResNet18_pretrained_celeba_ft_reinit, 128,0.01,cosine_lr,0.8, logistic,0.36,dp,0.80, -0.26, 0.83, -0.17, 0.84, -0.19
10-19-22_21:08:58, configs/celeba/ResNet18pretrained_celeba_ft_reinit.yml, ResNet18_pretrained_celeba_ft_reinit, 128,0.01,cosine_lr,0.8, logistic,0.24,dp,0.89, -0.03, 0.89, -0.03, 0.91, -0.02
10-19-22_21:12:34, configs/celeba/ResNet18pretrained_celeba_ft_reinit.yml, ResNet18_pretrained_celeba_ft_reinit, 128,0.01,cosine_lr,0.95, logistic,0.0,dp,0.93, 0.14, 0.93, 0.14, 0.94, 0.14
10-19-22_21:23:00, configs/celeba/ResNet18pretrained_celeba_ft_reinit.yml, ResNet18_pretrained_celeba_ft_reinit, 128,0.01,cosine_lr,0.8, logistic,0.3,dp,0.88, -0.06, 0.88, -0.02, 0.88, -0.10
10-19-22_21:26:29, configs/celeba/ResNet18pretrained_celeba_ft_reinit.yml, ResNet18_pretrained_celeba_ft_reinit, 128,0.01,cosine_lr,0.95, logistic,0.06,dp,0.92, 0.09, 0.92, 0.09, 0.94, 0.11
10-19-22_21:37:00, configs/celeba/ResNet18pretrained_celeba_ft_reinit.yml, ResNet18_pretrained_celeba_ft_reinit, 128,0.01,cosine_lr,0.8, logistic,0.36,dp,0.84, -0.18, 0.84, -0.15, 0.84, -0.19
10-19-22_21:40:24, configs/celeba/ResNet18pretrained_celeba_ft_reinit.yml, ResNet18_pretrained_celeba_ft_reinit, 128,0.01,cosine_lr,0.95, logistic,0.12,dp,0.92, 0.09, 0.92, 0.09, 0.93, 0.07
10-19-22_21:51:02, configs/celeba/ResNet18pretrained_celeba_ft_reinit.yml, ResNet18_pretrained_celeba_ft_reinit, 128,0.01,cosine_lr,0.95, logistic,0.0,dp,0.93, 0.14, 0.93, 0.14, 0.94, 0.14
10-19-22_21:54:20, configs/celeba/ResNet18pretrained_celeba_ft_reinit.yml, ResNet18_pretrained_celeba_ft_reinit, 128,0.01,cosine_lr,0.95, logistic,0.18,dp,0.91, 0.02, 0.91, 0.02, 0.92, 0.04
10-19-22_22:04:57, configs/celeba/ResNet18pretrained_celeba_ft_reinit.yml, ResNet18_pretrained_celeba_ft_reinit, 128,0.01,cosine_lr,0.95, logistic,0.06,dp,0.93, 0.10, 0.93, 0.10, 0.94, 0.11
10-19-22_22:08:23, configs/celeba/ResNet18pretrained_celeba_ft_reinit.yml, ResNet18_pretrained_celeba_ft_reinit, 128,0.01,cosine_lr,0.95, logistic,0.24,dp,0.90, -0.01, 0.90, -0.01, 0.91, -0.02
10-19-22_22:18:49, configs/celeba/ResNet18pretrained_celeba_ft_reinit.yml, ResNet18_pretrained_celeba_ft_reinit, 128,0.01,cosine_lr,0.95, logistic,0.12,dp,0.92, 0.06, 0.92, 0.06, 0.93, 0.07
10-19-22_22:22:22, configs/celeba/ResNet18pretrained_celeba_ft_reinit.yml, ResNet18_pretrained_celeba_ft_reinit, 128,0.01,cosine_lr,0.95, logistic,0.3,dp,0.87, -0.10, 0.89, -0.03, 0.88, -0.09
10-19-22_22:32:47, configs/celeba/ResNet18pretrained_celeba_ft_reinit.yml, ResNet18_pretrained_celeba_ft_reinit, 128,0.01,cosine_lr,0.95, logistic,0.18,dp,0.91, 0.05, 0.91, 0.05, 0.92, 0.04
10-19-22_22:36:24, configs/celeba/ResNet18pretrained_celeba_ft_reinit.yml, ResNet18_pretrained_celeba_ft_reinit, 128,0.01,cosine_lr,0.95, logistic,0.36,dp,0.83, -0.21, 0.84, -0.15, 0.84, -0.19
10-19-22_22:46:46, configs/celeba/ResNet18pretrained_celeba_ft_reinit.yml, ResNet18_pretrained_celeba_ft_reinit, 128,0.01,cosine_lr,0.95, logistic,0.24,dp,0.87, -0.08, 0.90, -0.00, 0.91, -0.02
10-19-22_22:50:20, configs/celeba/ResNet18pretrained_celeba_ft_reinit.yml, ResNet18_pretrained_celeba_ft_reinit, 128,0.01,cosine_lr,0.05, logistic,0.0,dp,0.92, 0.14, 0.92, 0.14, 0.94, 0.14
10-19-22_23:00:42, configs/celeba/ResNet18pretrained_celeba_ft_reinit.yml, ResNet18_pretrained_celeba_ft_reinit, 128,0.01,cosine_lr,0.95, logistic,0.3,dp,0.84, -0.17, 0.87, -0.08, 0.88, -0.09
10-19-22_23:04:29, configs/celeba/ResNet18pretrained_celeba_ft_reinit.yml, ResNet18_pretrained_celeba_ft_reinit, 128,0.01,cosine_lr,0.05, logistic,0.06,dp,0.93, 0.10, 0.93, 0.11, 0.93, 0.11
10-19-22_23:14:56, configs/celeba/ResNet18pretrained_celeba_ft_reinit.yml, ResNet18_pretrained_celeba_ft_reinit, 128,0.01,cosine_lr,0.95, logistic,0.36,dp,0.82, -0.22, 0.82, -0.22, 0.84, -0.19
10-19-22_23:18:35, configs/celeba/ResNet18pretrained_celeba_ft_reinit.yml, ResNet18_pretrained_celeba_ft_reinit, 128,0.01,cosine_lr,0.05, logistic,0.12,dp,0.92, 0.07, 0.92, 0.07, 0.93, 0.08
10-19-22_23:28:55, configs/celeba/ResNet18pretrained_celeba_ft_reinit.yml, ResNet18_pretrained_celeba_ft_reinit, 128,0.01,cosine_lr,0.05, logistic,0.0,dp,0.93, 0.14, 0.93, 0.14, 0.94, 0.14
10-19-22_23:32:22, configs/celeba/ResNet18pretrained_celeba_ft_reinit.yml, ResNet18_pretrained_celeba_ft_reinit, 128,0.01,cosine_lr,0.05, logistic,0.18,dp,0.91, 0.02, 0.91, 0.02, 0.92, 0.04
10-19-22_23:42:50, configs/celeba/ResNet18pretrained_celeba_ft_reinit.yml, ResNet18_pretrained_celeba_ft_reinit, 128,0.01,cosine_lr,0.05, logistic,0.06,dp,0.93, 0.10, 0.93, 0.10, 0.93, 0.11
10-19-22_23:46:13, configs/celeba/ResNet18pretrained_celeba_ft_reinit.yml, ResNet18_pretrained_celeba_ft_reinit, 128,0.01,cosine_lr,0.05, logistic,0.24,dp,0.89, -0.03, 0.89, -0.03, 0.90, -0.01
10-19-22_23:56:43, configs/celeba/ResNet18pretrained_celeba_ft_reinit.yml, ResNet18_pretrained_celeba_ft_reinit, 128,0.01,cosine_lr,0.05, logistic,0.12,dp,0.92, 0.05, 0.92, 0.06, 0.93, 0.08
10-20-22_00:00:07, configs/celeba/ResNet18pretrained_celeba_ft_reinit.yml, ResNet18_pretrained_celeba_ft_reinit, 128,0.01,cosine_lr,0.05, logistic,0.3,dp,0.88, -0.08, 0.88, -0.08, 0.88, -0.08
10-20-22_00:10:36, configs/celeba/ResNet18pretrained_celeba_ft_reinit.yml, ResNet18_pretrained_celeba_ft_reinit, 128,0.01,cosine_lr,0.05, logistic,0.18,dp,0.91, 0.03, 0.91, 0.05, 0.92, 0.04
10-20-22_00:14:03, configs/celeba/ResNet18pretrained_celeba_ft_reinit.yml, ResNet18_pretrained_celeba_ft_reinit, 128,0.01,cosine_lr,0.05, logistic,0.36,dp,0.84, -0.18, 0.84, -0.18, 0.84, -0.18
10-20-22_00:24:26, configs/celeba/ResNet18pretrained_celeba_ft_reinit.yml, ResNet18_pretrained_celeba_ft_reinit, 128,0.01,cosine_lr,0.05, logistic,0.24,dp,0.90, -0.01, 0.90, -0.01, 0.90, -0.01
10-20-22_00:27:59, configs/celeba/ResNet18pretrained_celeba_ft_reinit.yml, ResNet18_pretrained_celeba_ft_reinit, 128,0.01,cosine_lr,0.1, logistic,0.0,dp,0.93, 0.14, 0.93, 0.14, 0.94, 0.14
10-20-22_00:38:20, configs/celeba/ResNet18pretrained_celeba_ft_reinit.yml, ResNet18_pretrained_celeba_ft_reinit, 128,0.01,cosine_lr,0.05, logistic,0.3,dp,0.84, -0.16, 0.88, -0.06, 0.88, -0.08
10-20-22_00:41:50, configs/celeba/ResNet18pretrained_celeba_ft_reinit.yml, ResNet18_pretrained_celeba_ft_reinit, 128,0.01,cosine_lr,0.1, logistic,0.06,dp,0.93, 0.10, 0.93, 0.10, 0.94, 0.11
10-20-22_00:52:13, configs/celeba/ResNet18pretrained_celeba_ft_reinit.yml, ResNet18_pretrained_celeba_ft_reinit, 128,0.01,cosine_lr,0.05, logistic,0.36,dp,0.83, -0.19, 0.85, -0.14, 0.84, -0.19
10-20-22_00:55:50, configs/celeba/ResNet18pretrained_celeba_ft_reinit.yml, ResNet18_pretrained_celeba_ft_reinit, 128,0.01,cosine_lr,0.1, logistic,0.12,dp,0.89, 0.02, 0.92, 0.06, 0.93, 0.08
10-20-22_01:06:06, configs/celeba/ResNet18pretrained_celeba_ft_reinit.yml, ResNet18_pretrained_celeba_ft_reinit, 128,0.01,cosine_lr,0.1, logistic,0.0,dp,0.93, 0.14, 0.93, 0.14, 0.94, 0.14
10-20-22_01:09:49, configs/celeba/ResNet18pretrained_celeba_ft_reinit.yml, ResNet18_pretrained_celeba_ft_reinit, 128,0.01,cosine_lr,0.1, logistic,0.18,dp,0.92, 0.07, 0.92, 0.06, 0.92, 0.04
10-20-22_01:17:30, configs/celeba/ResNet18pretrained_celeba_ft_reinit.yml, ResNet18_pretrained_celeba_ft_reinit, 128,0.01,cosine_lr,0.05, logistic,0.18,dp,0.91, 0.02, 0.91, 0.02, 0.92, 0.04
10-20-22_01:20:07, configs/celeba/ResNet18pretrained_celeba_ft_reinit.yml, ResNet18_pretrained_celeba_ft_reinit, 128,0.01,cosine_lr,0.1, logistic,0.06,dp,0.93, 0.11, 0.93, 0.11, 0.94, 0.11
10-20-22_01:23:46, configs/celeba/ResNet18pretrained_celeba_ft_reinit.yml, ResNet18_pretrained_celeba_ft_reinit, 128,0.01,cosine_lr,0.1, logistic,0.24,dp,0.88, -0.06, 0.88, -0.06, 0.91, -0.01
10-20-22_01:33:15, configs/celeba/ResNet18pretrained_celeba_ft_reinit.yml, ResNet18_pretrained_celeba_ft_reinit, 128,0.01,cosine_lr,0.05, logistic,0.18,dp,0.92, 0.06, 0.92, 0.06, 0.92, 0.04
10-20-22_01:34:09, configs/celeba/ResNet18pretrained_celeba_ft_reinit.yml, ResNet18_pretrained_celeba_ft_reinit, 128,0.01,cosine_lr,0.1, logistic,0.12,dp,0.92, 0.07, 0.92, 0.07, 0.93, 0.08
10-20-22_01:37:33, configs/celeba/ResNet18pretrained_celeba_ft_reinit.yml, ResNet18_pretrained_celeba_ft_reinit, 128,0.01,cosine_lr,0.1, logistic,0.3,dp,0.86, -0.12, 0.87, -0.08, 0.88, -0.08
10-20-22_01:48:08, configs/celeba/ResNet18pretrained_celeba_ft_reinit.yml, ResNet18_pretrained_celeba_ft_reinit, 128,0.01,cosine_lr,0.1, logistic,0.18,dp,0.92, 0.05, 0.92, 0.05, 0.92, 0.04
10-20-22_01:51:26, configs/celeba/ResNet18pretrained_celeba_ft_reinit.yml, ResNet18_pretrained_celeba_ft_reinit, 128,0.01,cosine_lr,0.1, logistic,0.36,dp,0.81, -0.23, 0.86, -0.09, 0.84, -0.18
10-20-22_02:02:02, configs/celeba/ResNet18pretrained_celeba_ft_reinit.yml, ResNet18_pretrained_celeba_ft_reinit, 128,0.01,cosine_lr,0.1, logistic,0.24,dp,0.90, 0.01, 0.90, 0.01, 0.91, -0.01
10-20-22_02:05:14, configs/celeba/ResNet18pretrained_celeba_ft_reinit.yml, ResNet18_pretrained_celeba_ft_reinit, 128,0.01,cosine_lr,0.4, logistic,0.0,dp,0.93, 0.14, 0.93, 0.14, 0.94, 0.14
10-20-22_02:16:11, configs/celeba/ResNet18pretrained_celeba_ft_reinit.yml, ResNet18_pretrained_celeba_ft_reinit, 128,0.01,cosine_lr,0.1, logistic,0.3,dp,0.89, -0.03, 0.89, -0.03, 0.88, -0.08
10-20-22_02:19:12, configs/celeba/ResNet18pretrained_celeba_ft_reinit.yml, ResNet18_pretrained_celeba_ft_reinit, 128,0.01,cosine_lr,0.4, logistic,0.06,dp,0.93, 0.11, 0.93, 0.11, 0.94, 0.11
10-20-22_02:30:09, configs/celeba/ResNet18pretrained_celeba_ft_reinit.yml, ResNet18_pretrained_celeba_ft_reinit, 128,0.01,cosine_lr,0.1, logistic,0.36,dp,0.82, -0.23, 0.83, -0.20, 0.84, -0.18
10-20-22_02:32:52, configs/celeba/ResNet18pretrained_celeba_ft_reinit.yml, ResNet18_pretrained_celeba_ft_reinit, 128,0.01,cosine_lr,0.4, logistic,0.12,dp,0.92, 0.05, 0.92, 0.05, 0.93, 0.07
10-20-22_02:44:09, configs/celeba/ResNet18pretrained_celeba_ft_reinit.yml, ResNet18_pretrained_celeba_ft_reinit, 128,0.01,cosine_lr,0.4, logistic,0.0,dp,0.92, 0.14, 0.92, 0.13, 0.94, 0.14
10-20-22_02:46:40, configs/celeba/ResNet18pretrained_celeba_ft_reinit.yml, ResNet18_pretrained_celeba_ft_reinit, 128,0.01,cosine_lr,0.4, logistic,0.18,dp,0.90, 0.01, 0.91, 0.03, 0.92, 0.04
10-20-22_02:57:57, configs/celeba/ResNet18pretrained_celeba_ft_reinit.yml, ResNet18_pretrained_celeba_ft_reinit, 128,0.01,cosine_lr,0.4, logistic,0.06,dp,0.93, 0.10, 0.93, 0.10, 0.94, 0.11
10-20-22_03:00:37, configs/celeba/ResNet18pretrained_celeba_ft_reinit.yml, ResNet18_pretrained_celeba_ft_reinit, 128,0.01,cosine_lr,0.4, logistic,0.24,dp,0.85, -0.11, 0.88, -0.08, 0.91, -0.01
10-20-22_03:11:53, configs/celeba/ResNet18pretrained_celeba_ft_reinit.yml, ResNet18_pretrained_celeba_ft_reinit, 128,0.01,cosine_lr,0.4, logistic,0.12,dp,0.92, 0.07, 0.92, 0.07, 0.93, 0.08
10-20-22_03:14:31, configs/celeba/ResNet18pretrained_celeba_ft_reinit.yml, ResNet18_pretrained_celeba_ft_reinit, 128,0.01,cosine_lr,0.4, logistic,0.3,dp,0.86, -0.14, 0.89, -0.05, 0.88, -0.08
10-20-22_03:25:51, configs/celeba/ResNet18pretrained_celeba_ft_reinit.yml, ResNet18_pretrained_celeba_ft_reinit, 128,0.01,cosine_lr,0.4, logistic,0.18,dp,0.92, 0.04, 0.92, 0.04, 0.92, 0.04
10-20-22_03:28:17, configs/celeba/ResNet18pretrained_celeba_ft_reinit.yml, ResNet18_pretrained_celeba_ft_reinit, 128,0.01,cosine_lr,0.4, logistic,0.36,dp,0.79, -0.28, 0.81, -0.17, 0.84, -0.19
10-20-22_03:39:56, configs/celeba/ResNet18pretrained_celeba_ft_reinit.yml, ResNet18_pretrained_celeba_ft_reinit, 128,0.01,cosine_lr,0.4, logistic,0.24,dp,0.90, -0.01, 0.90, -0.01, 0.91, -0.02
10-20-22_03:42:05, configs/celeba/ResNet18pretrained_celeba_ft_reinit.yml, ResNet18_pretrained_celeba_ft_reinit, 128,0.01,cosine_lr,0.8, logistic,0.0,dp,0.93, 0.15, 0.93, 0.15, 0.94, 0.14
10-20-22_03:54:05, configs/celeba/ResNet18pretrained_celeba_ft_reinit.yml, ResNet18_pretrained_celeba_ft_reinit, 128,0.01,cosine_lr,0.4, logistic,0.3,dp,0.83, -0.17, 0.87, -0.06, 0.88, -0.08
10-20-22_03:55:49, configs/celeba/ResNet18pretrained_celeba_ft_reinit.yml, ResNet18_pretrained_celeba_ft_reinit, 128,0.01,cosine_lr,0.8, logistic,0.06,dp,0.93, 0.10, 0.93, 0.10, 0.94, 0.11
10-20-22_04:08:05, configs/celeba/ResNet18pretrained_celeba_ft_reinit.yml, ResNet18_pretrained_celeba_ft_reinit, 128,0.01,cosine_lr,0.4, logistic,0.36,dp,0.85, -0.13, 0.85, -0.13, 0.84, -0.19
10-20-22_04:09:37, configs/celeba/ResNet18pretrained_celeba_ft_reinit.yml, ResNet18_pretrained_celeba_ft_reinit, 128,0.01,cosine_lr,0.8, logistic,0.12,dp,0.92, 0.07, 0.92, 0.07, 0.93, 0.08
10-20-22_04:22:07, configs/celeba/ResNet18pretrained_celeba_ft_reinit.yml, ResNet18_pretrained_celeba_ft_reinit, 128,0.01,cosine_lr,0.8, logistic,0.0,dp,0.93, 0.14, 0.93, 0.14, 0.94, 0.14
10-20-22_04:23:29, configs/celeba/ResNet18pretrained_celeba_ft_reinit.yml, ResNet18_pretrained_celeba_ft_reinit, 128,0.01,cosine_lr,0.8, logistic,0.18,dp,0.92, 0.06, 0.92, 0.06, 0.92, 0.04
10-20-22_04:36:04, configs/celeba/ResNet18pretrained_celeba_ft_reinit.yml, ResNet18_pretrained_celeba_ft_reinit, 128,0.01,cosine_lr,0.8, logistic,0.06,dp,0.93, 0.10, 0.93, 0.10, 0.94, 0.11
10-20-22_04:37:22, configs/celeba/ResNet18pretrained_celeba_ft_reinit.yml, ResNet18_pretrained_celeba_ft_reinit, 128,0.01,cosine_lr,0.8, logistic,0.24,dp,0.91, 0.03, 0.91, 0.04, 0.91, -0.02
10-20-22_04:50:03, configs/celeba/ResNet18pretrained_celeba_ft_reinit.yml, ResNet18_pretrained_celeba_ft_reinit, 128,0.01,cosine_lr,0.8, logistic,0.12,dp,0.92, 0.08, 0.92, 0.08, 0.93, 0.08
10-20-22_04:51:13, configs/celeba/ResNet18pretrained_celeba_ft_reinit.yml, ResNet18_pretrained_celeba_ft_reinit, 128,0.01,cosine_lr,0.8, logistic,0.3,dp,0.88, -0.04, 0.88, -0.04, 0.88, -0.08
10-20-22_05:04:04, configs/celeba/ResNet18pretrained_celeba_ft_reinit.yml, ResNet18_pretrained_celeba_ft_reinit, 128,0.01,cosine_lr,0.8, logistic,0.18,dp,0.91, 0.04, 0.91, 0.04, 0.92, 0.04
10-20-22_05:05:08, configs/celeba/ResNet18pretrained_celeba_ft_reinit.yml, ResNet18_pretrained_celeba_ft_reinit, 128,0.01,cosine_lr,0.8, logistic,0.36,dp,0.83, -0.16, 0.83, -0.16, 0.84, -0.19
10-20-22_05:17:59, configs/celeba/ResNet18pretrained_celeba_ft_reinit.yml, ResNet18_pretrained_celeba_ft_reinit, 128,0.01,cosine_lr,0.8, logistic,0.24,dp,0.89, -0.03, 0.89, -0.03, 0.90, -0.02
10-20-22_05:19:10, configs/celeba/ResNet18pretrained_celeba_ft_reinit.yml, ResNet18_pretrained_celeba_ft_reinit, 128,0.01,cosine_lr,0.95, logistic,0.0,dp,0.93, 0.13, 0.93, 0.13, 0.94, 0.14
10-20-22_05:31:58, configs/celeba/ResNet18pretrained_celeba_ft_reinit.yml, ResNet18_pretrained_celeba_ft_reinit, 128,0.01,cosine_lr,0.8, logistic,0.3,dp,0.88, -0.07, 0.88, -0.07, 0.88, -0.08
10-20-22_05:33:07, configs/celeba/ResNet18pretrained_celeba_ft_reinit.yml, ResNet18_pretrained_celeba_ft_reinit, 128,0.01,cosine_lr,0.95, logistic,0.06,dp,0.93, 0.10, 0.93, 0.10, 0.94, 0.11
10-20-22_05:45:56, configs/celeba/ResNet18pretrained_celeba_ft_reinit.yml, ResNet18_pretrained_celeba_ft_reinit, 128,0.01,cosine_lr,0.8, logistic,0.36,dp,0.85, -0.12, 0.85, -0.12, 0.84, -0.19
10-20-22_05:47:10, configs/celeba/ResNet18pretrained_celeba_ft_reinit.yml, ResNet18_pretrained_celeba_ft_reinit, 128,0.01,cosine_lr,0.95, logistic,0.12,dp,0.92, 0.06, 0.92, 0.06, 0.93, 0.08
10-20-22_05:59:46, configs/celeba/ResNet18pretrained_celeba_ft_reinit.yml, ResNet18_pretrained_celeba_ft_reinit, 128,0.01,cosine_lr,0.95, logistic,0.0,dp,0.93, 0.14, 0.93, 0.14, 0.94, 0.14
10-20-22_06:01:05, configs/celeba/ResNet18pretrained_celeba_ft_reinit.yml, ResNet18_pretrained_celeba_ft_reinit, 128,0.01,cosine_lr,0.95, logistic,0.18,dp,0.91, 0.04, 0.91, 0.04, 0.92, 0.04
10-20-22_06:13:38, configs/celeba/ResNet18pretrained_celeba_ft_reinit.yml, ResNet18_pretrained_celeba_ft_reinit, 128,0.01,cosine_lr,0.95, logistic,0.06,dp,0.93, 0.10, 0.93, 0.10, 0.94, 0.11
10-20-22_06:15:06, configs/celeba/ResNet18pretrained_celeba_ft_reinit.yml, ResNet18_pretrained_celeba_ft_reinit, 128,0.01,cosine_lr,0.95, logistic,0.24,dp,0.90, -0.01, 0.90, -0.01, 0.91, -0.01
10-20-22_06:27:30, configs/celeba/ResNet18pretrained_celeba_ft_reinit.yml, ResNet18_pretrained_celeba_ft_reinit, 128,0.01,cosine_lr,0.95, logistic,0.12,dp,0.92, 0.06, 0.92, 0.06, 0.93, 0.08
10-20-22_06:28:56, configs/celeba/ResNet18pretrained_celeba_ft_reinit.yml, ResNet18_pretrained_celeba_ft_reinit, 128,0.01,cosine_lr,0.95, logistic,0.3,dp,0.85, -0.15, 0.88, -0.06, 0.88, -0.09
10-20-22_06:41:24, configs/celeba/ResNet18pretrained_celeba_ft_reinit.yml, ResNet18_pretrained_celeba_ft_reinit, 128,0.01,cosine_lr,0.95, logistic,0.18,dp,0.91, 0.02, 0.91, 0.02, 0.92, 0.04
10-20-22_06:43:00, configs/celeba/ResNet18pretrained_celeba_ft_reinit.yml, ResNet18_pretrained_celeba_ft_reinit, 128,0.01,cosine_lr,0.95, logistic,0.36,dp,0.79, -0.27, 0.83, -0.12, 0.84, -0.19
10-20-22_06:55:14, configs/celeba/ResNet18pretrained_celeba_ft_reinit.yml, ResNet18_pretrained_celeba_ft_reinit, 128,0.01,cosine_lr,0.95, logistic,0.24,dp,0.91, 0.02, 0.91, 0.02, 0.90, -0.02
10-20-22_06:56:48, configs/celeba/ResNet18pretrained_celeba_ft_reinit.yml, ResNet18_pretrained_celeba_ft_reinit, 128,0.01,cosine_lr,0.05, logistic,0.0,dp,0.92, 0.14, 0.92, 0.14, 0.94, 0.14
10-20-22_07:09:14, configs/celeba/ResNet18pretrained_celeba_ft_reinit.yml, ResNet18_pretrained_celeba_ft_reinit, 128,0.01,cosine_lr,0.95, logistic,0.3,dp,0.81, -0.23, 0.84, -0.16, 0.88, -0.09
10-20-22_07:10:36, configs/celeba/ResNet18pretrained_celeba_ft_reinit.yml, ResNet18_pretrained_celeba_ft_reinit, 128,0.01,cosine_lr,0.05, logistic,0.06,dp,0.93, 0.11, 0.93, 0.11, 0.93, 0.11
10-20-22_07:23:08, configs/celeba/ResNet18pretrained_celeba_ft_reinit.yml, ResNet18_pretrained_celeba_ft_reinit, 128,0.01,cosine_lr,0.95, logistic,0.36,dp,0.82, -0.17, 0.87, -0.07, 0.84, -0.19
10-20-22_07:24:34, configs/celeba/ResNet18pretrained_celeba_ft_reinit.yml, ResNet18_pretrained_celeba_ft_reinit, 128,0.01,cosine_lr,0.05, logistic,0.12,dp,0.92, 0.06, 0.92, 0.06, 0.93, 0.08
10-20-22_07:36:51, configs/celeba/ResNet18pretrained_celeba_ft_reinit.yml, ResNet18_pretrained_celeba_ft_reinit, 128,0.01,cosine_lr,0.05, logistic,0.0,dp,0.92, 0.14, 0.92, 0.15, 0.94, 0.14
10-20-22_07:38:25, configs/celeba/ResNet18pretrained_celeba_ft_reinit.yml, ResNet18_pretrained_celeba_ft_reinit, 128,0.01,cosine_lr,0.05, logistic,0.18,dp,0.91, 0.05, 0.91, 0.05, 0.92, 0.04
10-20-22_07:50:38, configs/celeba/ResNet18pretrained_celeba_ft_reinit.yml, ResNet18_pretrained_celeba_ft_reinit, 128,0.01,cosine_lr,0.05, logistic,0.06,dp,0.93, 0.10, 0.93, 0.10, 0.93, 0.11
10-20-22_07:52:22, configs/celeba/ResNet18pretrained_celeba_ft_reinit.yml, ResNet18_pretrained_celeba_ft_reinit, 128,0.01,cosine_lr,0.05, logistic,0.24,dp,0.89, -0.03, 0.90, 0.00, 0.90, -0.01
10-20-22_08:04:35, configs/celeba/ResNet18pretrained_celeba_ft_reinit.yml, ResNet18_pretrained_celeba_ft_reinit, 128,0.01,cosine_lr,0.05, logistic,0.12,dp,0.93, 0.09, 0.93, 0.09, 0.93, 0.08
10-20-22_08:06:12, configs/celeba/ResNet18pretrained_celeba_ft_reinit.yml, ResNet18_pretrained_celeba_ft_reinit, 128,0.01,cosine_lr,0.05, logistic,0.3,dp,0.86, -0.12, 0.86, -0.12, 0.88, -0.08
10-20-22_08:18:17, configs/celeba/ResNet18pretrained_celeba_ft_reinit.yml, ResNet18_pretrained_celeba_ft_reinit, 128,0.01,cosine_lr,0.05, logistic,0.18,dp,0.91, 0.03, 0.91, 0.04, 0.92, 0.04
10-20-22_08:20:12, configs/celeba/ResNet18pretrained_celeba_ft_reinit.yml, ResNet18_pretrained_celeba_ft_reinit, 128,0.01,cosine_lr,0.05, logistic,0.36,dp,0.85, -0.14, 0.85, -0.14, 0.84, -0.18
10-20-22_08:32:04, configs/celeba/ResNet18pretrained_celeba_ft_reinit.yml, ResNet18_pretrained_celeba_ft_reinit, 128,0.01,cosine_lr,0.05, logistic,0.24,dp,0.90, -0.00, 0.90, -0.00, 0.90, -0.02
10-20-22_08:34:09, configs/celeba/ResNet18pretrained_celeba_ft_reinit.yml, ResNet18_pretrained_celeba_ft_reinit, 128,0.01,cosine_lr,0.1, logistic,0.0,dp,0.93, 0.13, 0.93, 0.13, 0.94, 0.14
10-20-22_08:45:59, configs/celeba/ResNet18pretrained_celeba_ft_reinit.yml, ResNet18_pretrained_celeba_ft_reinit, 128,0.01,cosine_lr,0.05, logistic,0.3,dp,0.89, -0.04, 0.89, -0.04, 0.88, -0.08
10-20-22_08:48:03, configs/celeba/ResNet18pretrained_celeba_ft_reinit.yml, ResNet18_pretrained_celeba_ft_reinit, 128,0.01,cosine_lr,0.1, logistic,0.06,dp,0.92, 0.11, 0.92, 0.11, 0.94, 0.11
10-20-22_08:59:48, configs/celeba/ResNet18pretrained_celeba_ft_reinit.yml, ResNet18_pretrained_celeba_ft_reinit, 128,0.01,cosine_lr,0.05, logistic,0.36,dp,0.84, -0.17, 0.84, -0.17, 0.84, -0.18
10-20-22_09:01:52, configs/celeba/ResNet18pretrained_celeba_ft_reinit.yml, ResNet18_pretrained_celeba_ft_reinit, 128,0.01,cosine_lr,0.1, logistic,0.12,dp,0.92, 0.06, 0.92, 0.06, 0.93, 0.08
10-20-22_09:13:41, configs/celeba/ResNet18pretrained_celeba_ft_reinit.yml, ResNet18_pretrained_celeba_ft_reinit, 128,0.01,cosine_lr,0.1, logistic,0.0,dp,0.93, 0.14, 0.93, 0.14, 0.94, 0.14
10-20-22_09:15:36, configs/celeba/ResNet18pretrained_celeba_ft_reinit.yml, ResNet18_pretrained_celeba_ft_reinit, 128,0.01,cosine_lr,0.1, logistic,0.18,dp,0.90, -0.00, 0.91, 0.06, 0.92, 0.04
10-20-22_09:27:33, configs/celeba/ResNet18pretrained_celeba_ft_reinit.yml, ResNet18_pretrained_celeba_ft_reinit, 128,0.01,cosine_lr,0.1, logistic,0.06,dp,0.93, 0.10, 0.93, 0.10, 0.94, 0.11
10-20-22_09:29:25, configs/celeba/ResNet18pretrained_celeba_ft_reinit.yml, ResNet18_pretrained_celeba_ft_reinit, 128,0.01,cosine_lr,0.1, logistic,0.24,dp,0.90, -0.02, 0.90, 0.02, 0.91, -0.01
10-20-22_09:41:27, configs/celeba/ResNet18pretrained_celeba_ft_reinit.yml, ResNet18_pretrained_celeba_ft_reinit, 128,0.01,cosine_lr,0.1, logistic,0.12,dp,0.92, 0.08, 0.92, 0.08, 0.93, 0.08
10-20-22_09:43:09, configs/celeba/ResNet18pretrained_celeba_ft_reinit.yml, ResNet18_pretrained_celeba_ft_reinit, 128,0.01,cosine_lr,0.1, logistic,0.3,dp,0.88, -0.06, 0.88, -0.03, 0.88, -0.08
10-20-22_09:55:35, configs/celeba/ResNet18pretrained_celeba_ft_reinit.yml, ResNet18_pretrained_celeba_ft_reinit, 128,0.01,cosine_lr,0.1, logistic,0.18,dp,0.91, 0.02, 0.91, 0.02, 0.92, 0.04
10-20-22_09:57:07, configs/celeba/ResNet18pretrained_celeba_ft_reinit.yml, ResNet18_pretrained_celeba_ft_reinit, 128,0.01,cosine_lr,0.1, logistic,0.36,dp,0.84, -0.17, 0.85, -0.15, 0.84, -0.18
10-20-22_10:09:23, configs/celeba/ResNet18pretrained_celeba_ft_reinit.yml, ResNet18_pretrained_celeba_ft_reinit, 128,0.01,cosine_lr,0.1, logistic,0.24,dp,0.90, -0.00, 0.90, -0.00, 0.91, -0.01
10-20-22_10:11:00, configs/celeba/ResNet18pretrained_celeba_ft_reinit.yml, ResNet18_pretrained_celeba_ft_reinit, 128,0.01,cosine_lr,0.4, logistic,0.0,dp,0.92, 0.14, 0.93, 0.14, 0.94, 0.14
10-20-22_10:23:12, configs/celeba/ResNet18pretrained_celeba_ft_reinit.yml, ResNet18_pretrained_celeba_ft_reinit, 128,0.01,cosine_lr,0.1, logistic,0.3,dp,0.87, -0.09, 0.89, -0.01, 0.88, -0.08
10-20-22_10:24:52, configs/celeba/ResNet18pretrained_celeba_ft_reinit.yml, ResNet18_pretrained_celeba_ft_reinit, 128,0.01,cosine_lr,0.4, logistic,0.06,dp,0.92, 0.09, 0.92, 0.09, 0.94, 0.11
10-20-22_10:37:09, configs/celeba/ResNet18pretrained_celeba_ft_reinit.yml, ResNet18_pretrained_celeba_ft_reinit, 128,0.01,cosine_lr,0.1, logistic,0.36,dp,0.84, -0.16, 0.84, -0.16, 0.84, -0.19
10-20-22_10:38:40, configs/celeba/ResNet18pretrained_celeba_ft_reinit.yml, ResNet18_pretrained_celeba_ft_reinit, 128,0.01,cosine_lr,0.4, logistic,0.12,dp,0.92, 0.06, 0.92, 0.06, 0.93, 0.07
10-20-22_10:51:11, configs/celeba/ResNet18pretrained_celeba_ft_reinit.yml, ResNet18_pretrained_celeba_ft_reinit, 128,0.01,cosine_lr,0.4, logistic,0.0,dp,0.93, 0.13, 0.93, 0.13, 0.94, 0.14
10-20-22_10:52:27, configs/celeba/ResNet18pretrained_celeba_ft_reinit.yml, ResNet18_pretrained_celeba_ft_reinit, 128,0.01,cosine_lr,0.4, logistic,0.18,dp,0.92, 0.06, 0.92, 0.06, 0.92, 0.03
10-20-22_11:05:16, configs/celeba/ResNet18pretrained_celeba_ft_reinit.yml, ResNet18_pretrained_celeba_ft_reinit, 128,0.01,cosine_lr,0.4, logistic,0.06,dp,0.93, 0.10, 0.93, 0.10, 0.94, 0.11
10-20-22_11:06:29, configs/celeba/ResNet18pretrained_celeba_ft_reinit.yml, ResNet18_pretrained_celeba_ft_reinit, 128,0.01,cosine_lr,0.4, logistic,0.24,dp,0.89, -0.03, 0.89, -0.03, 0.91, -0.02
10-20-22_11:19:07, configs/celeba/ResNet18pretrained_celeba_ft_reinit.yml, ResNet18_pretrained_celeba_ft_reinit, 128,0.01,cosine_lr,0.4, logistic,0.12,dp,0.91, 0.07, 0.91, 0.07, 0.93, 0.08
10-20-22_11:20:23, configs/celeba/ResNet18pretrained_celeba_ft_reinit.yml, ResNet18_pretrained_celeba_ft_reinit, 128,0.01,cosine_lr,0.4, logistic,0.3,dp,0.84, -0.18, 0.87, -0.09, 0.88, -0.09
10-20-22_11:33:01, configs/celeba/ResNet18pretrained_celeba_ft_reinit.yml, ResNet18_pretrained_celeba_ft_reinit, 128,0.01,cosine_lr,0.4, logistic,0.18,dp,0.91, 0.04, 0.91, 0.04, 0.92, 0.03
10-20-22_11:34:19, configs/celeba/ResNet18pretrained_celeba_ft_reinit.yml, ResNet18_pretrained_celeba_ft_reinit, 128,0.01,cosine_lr,0.4, logistic,0.36,dp,0.83, -0.19, 0.86, -0.10, 0.84, -0.19
10-20-22_11:46:54, configs/celeba/ResNet18pretrained_celeba_ft_reinit.yml, ResNet18_pretrained_celeba_ft_reinit, 128,0.01,cosine_lr,0.4, logistic,0.24,dp,0.88, -0.05, 0.91, 0.02, 0.91, -0.02
10-20-22_11:48:21, configs/celeba/ResNet18pretrained_celeba_ft_reinit.yml, ResNet18_pretrained_celeba_ft_reinit, 128,0.01,cosine_lr,0.8, logistic,0.0,dp,0.93, 0.14, 0.93, 0.14, 0.94, 0.14
10-20-22_12:00:53, configs/celeba/ResNet18pretrained_celeba_ft_reinit.yml, ResNet18_pretrained_celeba_ft_reinit, 128,0.01,cosine_lr,0.4, logistic,0.3,dp,0.87, -0.09, 0.87, -0.09, 0.88, -0.08
10-20-22_12:02:11, configs/celeba/ResNet18pretrained_celeba_ft_reinit.yml, ResNet18_pretrained_celeba_ft_reinit, 128,0.01,cosine_lr,0.8, logistic,0.06,dp,0.93, 0.10, 0.93, 0.10, 0.94, 0.11
10-20-22_12:14:48, configs/celeba/ResNet18pretrained_celeba_ft_reinit.yml, ResNet18_pretrained_celeba_ft_reinit, 128,0.01,cosine_lr,0.4, logistic,0.36,dp,0.77, -0.33, 0.83, -0.20, 0.84, -0.19
10-20-22_12:16:08, configs/celeba/ResNet18pretrained_celeba_ft_reinit.yml, ResNet18_pretrained_celeba_ft_reinit, 128,0.01,cosine_lr,0.8, logistic,0.12,dp,0.92, 0.06, 0.92, 0.07, 0.93, 0.08
10-20-22_12:28:49, configs/celeba/ResNet18pretrained_celeba_ft_reinit.yml, ResNet18_pretrained_celeba_ft_reinit, 128,0.01,cosine_lr,0.8, logistic,0.0,dp,0.93, 0.14, 0.93, 0.14, 0.94, 0.14
10-20-22_12:30:05, configs/celeba/ResNet18pretrained_celeba_ft_reinit.yml, ResNet18_pretrained_celeba_ft_reinit, 128,0.01,cosine_lr,0.8, logistic,0.18,dp,0.91, 0.02, 0.91, 0.05, 0.92, 0.04
10-20-22_12:42:50, configs/celeba/ResNet18pretrained_celeba_ft_reinit.yml, ResNet18_pretrained_celeba_ft_reinit, 128,0.01,cosine_lr,0.8, logistic,0.06,dp,0.93, 0.09, 0.93, 0.09, 0.94, 0.11
10-20-22_12:44:04, configs/celeba/ResNet18pretrained_celeba_ft_reinit.yml, ResNet18_pretrained_celeba_ft_reinit, 128,0.01,cosine_lr,0.8, logistic,0.24,dp,0.85, -0.12, 0.87, -0.09, 0.91, -0.01
10-20-22_12:56:53, configs/celeba/ResNet18pretrained_celeba_ft_reinit.yml, ResNet18_pretrained_celeba_ft_reinit, 128,0.01,cosine_lr,0.8, logistic,0.12,dp,0.91, 0.04, 0.92, 0.07, 0.94, 0.08
10-20-22_12:58:02, configs/celeba/ResNet18pretrained_celeba_ft_reinit.yml, ResNet18_pretrained_celeba_ft_reinit, 128,0.01,cosine_lr,0.8, logistic,0.3,dp,0.88, -0.07, 0.88, -0.07, 0.88, -0.09
10-20-22_13:10:58, configs/celeba/ResNet18pretrained_celeba_ft_reinit.yml, ResNet18_pretrained_celeba_ft_reinit, 128,0.01,cosine_lr,0.8, logistic,0.18,dp,0.91, 0.04, 0.91, 0.04, 0.92, 0.04
10-20-22_13:12:04, configs/celeba/ResNet18pretrained_celeba_ft_reinit.yml, ResNet18_pretrained_celeba_ft_reinit, 128,0.01,cosine_lr,0.8, logistic,0.36,dp,0.85, -0.14, 0.85, -0.14, 0.84, -0.19
10-20-22_13:25:05, configs/celeba/ResNet18pretrained_celeba_ft_reinit.yml, ResNet18_pretrained_celeba_ft_reinit, 128,0.01,cosine_lr,0.8, logistic,0.24,dp,0.90, 0.00, 0.90, 0.00, 0.91, -0.02
10-20-22_13:26:10, configs/celeba/ResNet18pretrained_celeba_ft_reinit.yml, ResNet18_pretrained_celeba_ft_reinit, 128,0.01,cosine_lr,0.95, logistic,0.0,dp,0.93, 0.14, 0.93, 0.14, 0.94, 0.14
10-20-22_13:39:03, configs/celeba/ResNet18pretrained_celeba_ft_reinit.yml, ResNet18_pretrained_celeba_ft_reinit, 128,0.01,cosine_lr,0.8, logistic,0.3,dp,0.86, -0.11, 0.86, -0.11, 0.88, -0.09
10-20-22_13:40:09, configs/celeba/ResNet18pretrained_celeba_ft_reinit.yml, ResNet18_pretrained_celeba_ft_reinit, 128,0.01,cosine_lr,0.95, logistic,0.06,dp,0.93, 0.10, 0.93, 0.10, 0.94, 0.11
10-20-22_13:53:05, configs/celeba/ResNet18pretrained_celeba_ft_reinit.yml, ResNet18_pretrained_celeba_ft_reinit, 128,0.01,cosine_lr,0.8, logistic,0.36,dp,0.82, -0.22, 0.82, -0.22, 0.84, -0.19
10-20-22_13:54:13, configs/celeba/ResNet18pretrained_celeba_ft_reinit.yml, ResNet18_pretrained_celeba_ft_reinit, 128,0.01,cosine_lr,0.95, logistic,0.12,dp,0.92, 0.08, 0.92, 0.08, 0.93, 0.08
10-20-22_14:07:05, configs/celeba/ResNet18pretrained_celeba_ft_reinit.yml, ResNet18_pretrained_celeba_ft_reinit, 128,0.01,cosine_lr,0.95, logistic,0.0,dp,0.92, 0.14, 0.92, 0.14, 0.94, 0.14
10-20-22_14:08:22, configs/celeba/ResNet18pretrained_celeba_ft_reinit.yml, ResNet18_pretrained_celeba_ft_reinit, 128,0.01,cosine_lr,0.95, logistic,0.18,dp,0.91, 0.03, 0.91, 0.03, 0.92, 0.04
10-20-22_14:21:02, configs/celeba/ResNet18pretrained_celeba_ft_reinit.yml, ResNet18_pretrained_celeba_ft_reinit, 128,0.01,cosine_lr,0.95, logistic,0.06,dp,0.93, 0.11, 0.93, 0.11, 0.94, 0.11
10-20-22_14:22:16, configs/celeba/ResNet18pretrained_celeba_ft_reinit.yml, ResNet18_pretrained_celeba_ft_reinit, 128,0.01,cosine_lr,0.95, logistic,0.24,dp,0.90, 0.00, 0.90, 0.00, 0.90, -0.02
10-20-22_14:35:09, configs/celeba/ResNet18pretrained_celeba_ft_reinit.yml, ResNet18_pretrained_celeba_ft_reinit, 128,0.01,cosine_lr,0.95, logistic,0.12,dp,0.92, 0.08, 0.92, 0.08, 0.93, 0.08
10-20-22_14:36:13, configs/celeba/ResNet18pretrained_celeba_ft_reinit.yml, ResNet18_pretrained_celeba_ft_reinit, 128,0.01,cosine_lr,0.95, logistic,0.3,dp,0.87, -0.06, 0.88, -0.04, 0.88, -0.09
10-20-22_14:49:09, configs/celeba/ResNet18pretrained_celeba_ft_reinit.yml, ResNet18_pretrained_celeba_ft_reinit, 128,0.01,cosine_lr,0.95, logistic,0.18,dp,0.91, 0.01, 0.91, 0.01, 0.92, 0.04
10-20-22_14:50:11, configs/celeba/ResNet18pretrained_celeba_ft_reinit.yml, ResNet18_pretrained_celeba_ft_reinit, 128,0.01,cosine_lr,0.95, logistic,0.36,dp,0.80, -0.26, 0.82, -0.22, 0.84, -0.19
10-20-22_14:57:58, configs/celeba/ResNet18pretrained_celeba_ft_reinit.yml, ResNet18_pretrained_celeba_ft_reinit, 128,0.01,cosine_lr,0.95, logistic,0.24,dp,0.87, -0.08, 0.88, -0.04, 0.91, -0.02
10-20-22_15:06:29, configs/celeba/ResNet18pretrained_celeba_ft_reinit.yml, ResNet18_pretrained_celeba_ft_reinit, 128,0.01,cosine_lr,0.95, logistic,0.3,dp,0.87, -0.09, 0.87, -0.09, 0.88, -0.09
10-20-22_15:14:52, configs/celeba/ResNet18pretrained_celeba_ft_reinit.yml, ResNet18_pretrained_celeba_ft_reinit, 128,0.01,cosine_lr,0.95, logistic,0.36,dp,0.82, -0.23, 0.82, -0.23, 0.84, -0.19
