Date Finished, Base Config, Name, Batch Size,Learning Rate,LR Policy,Prune Rate, fair Regularization,lam fair,fair type,Current Val Top 1, Current Val Unfairness, Best Val Top 1, Best Val Unfairness, Best Train Top 1, Best Train Unfairness
07-04-22_16:41:54, configs/celeba/ResNet18sparse_celeba_sc.yml, ResNet18_sparse_celeba_sc, 128,0.01,cosine_lr,0.05, logistic,0.0,dp,0.92, 0.11, 0.92, 0.11, 0.92, 0.14
07-04-22_16:56:16, configs/celeba/ResNet18sparse_celeba_sc.yml, ResNet18_sparse_celeba_sc, 128,0.01,cosine_lr,0.05, logistic,0.06,dp,0.92, 0.11, 0.92, 0.08, 0.92, 0.10
07-04-22_17:10:48, configs/celeba/ResNet18sparse_celeba_sc.yml, ResNet18_sparse_celeba_sc, 128,0.01,cosine_lr,0.05, logistic,0.12,dp,0.91, 0.06, 0.91, 0.06, 0.91, 0.06
07-04-22_17:25:21, configs/celeba/ResNet18sparse_celeba_sc.yml, ResNet18_sparse_celeba_sc, 128,0.01,cosine_lr,0.05, logistic,0.18,dp,0.89, -0.02, 0.89, 0.01, 0.90, 0.00
07-04-22_17:39:56, configs/celeba/ResNet18sparse_celeba_sc.yml, ResNet18_sparse_celeba_sc, 128,0.01,cosine_lr,0.05, logistic,0.24,dp,0.89, -0.03, 0.89, -0.03, 0.88, -0.05
07-04-22_17:48:23, configs/celeba/ResNet18sparse_celeba_sc.yml, ResNet18_sparse_celeba_sc, 128,0.01,cosine_lr,0.1, logistic,0.0,dp,0.92, 0.14, 0.92, 0.14, 0.92, 0.14
07-04-22_17:56:36, configs/celeba/ResNet18sparse_celeba_sc.yml, ResNet18_sparse_celeba_sc, 128,0.01,cosine_lr,0.1, logistic,0.06,dp,0.92, 0.10, 0.92, 0.10, 0.92, 0.09
07-04-22_18:04:56, configs/celeba/ResNet18sparse_celeba_sc.yml, ResNet18_sparse_celeba_sc, 128,0.01,cosine_lr,0.1, logistic,0.12,dp,0.91, 0.04, 0.91, 0.04, 0.91, 0.05
07-04-22_18:13:13, configs/celeba/ResNet18sparse_celeba_sc.yml, ResNet18_sparse_celeba_sc, 128,0.01,cosine_lr,0.1, logistic,0.18,dp,0.89, -0.01, 0.89, -0.01, 0.89, -0.02
07-04-22_18:21:28, configs/celeba/ResNet18sparse_celeba_sc.yml, ResNet18_sparse_celeba_sc, 128,0.01,cosine_lr,0.1, logistic,0.24,dp,0.86, -0.09, 0.86, -0.09, 0.87, -0.08
07-04-22_18:29:44, configs/celeba/ResNet18sparse_celeba_sc.yml, ResNet18_sparse_celeba_sc, 128,0.01,cosine_lr,0.4, logistic,0.0,dp,0.91, 0.14, 0.92, 0.14, 0.92, 0.14
07-04-22_18:38:04, configs/celeba/ResNet18sparse_celeba_sc.yml, ResNet18_sparse_celeba_sc, 128,0.01,cosine_lr,0.4, logistic,0.06,dp,0.91, 0.07, 0.91, 0.07, 0.91, 0.08
07-04-22_18:46:16, configs/celeba/ResNet18sparse_celeba_sc.yml, ResNet18_sparse_celeba_sc, 128,0.01,cosine_lr,0.4, logistic,0.12,dp,0.90, 0.04, 0.90, 0.04, 0.90, 0.02
07-04-22_18:54:35, configs/celeba/ResNet18sparse_celeba_sc.yml, ResNet18_sparse_celeba_sc, 128,0.01,cosine_lr,0.4, logistic,0.18,dp,0.88, -0.04, 0.88, -0.04, 0.88, -0.04
07-04-22_19:03:06, configs/celeba/ResNet18sparse_celeba_sc.yml, ResNet18_sparse_celeba_sc, 128,0.01,cosine_lr,0.4, logistic,0.24,dp,0.86, -0.10, 0.86, -0.10, 0.85, -0.11
07-04-22_19:11:24, configs/celeba/ResNet18sparse_celeba_sc.yml, ResNet18_sparse_celeba_sc, 128,0.01,cosine_lr,0.8, logistic,0.0,dp,0.91, 0.14, 0.91, 0.14, 0.91, 0.14
07-04-22_19:19:45, configs/celeba/ResNet18sparse_celeba_sc.yml, ResNet18_sparse_celeba_sc, 128,0.01,cosine_lr,0.8, logistic,0.06,dp,0.90, 0.08, 0.90, 0.08, 0.90, 0.08
07-04-22_19:28:07, configs/celeba/ResNet18sparse_celeba_sc.yml, ResNet18_sparse_celeba_sc, 128,0.01,cosine_lr,0.8, logistic,0.12,dp,0.88, 0.00, 0.88, 0.00, 0.88, 0.02
07-04-22_19:36:29, configs/celeba/ResNet18sparse_celeba_sc.yml, ResNet18_sparse_celeba_sc, 128,0.01,cosine_lr,0.8, logistic,0.18,dp,0.87, -0.06, 0.87, -0.06, 0.86, -0.06
07-04-22_19:44:50, configs/celeba/ResNet18sparse_celeba_sc.yml, ResNet18_sparse_celeba_sc, 128,0.01,cosine_lr,0.8, logistic,0.24,dp,0.84, -0.14, 0.84, -0.14, 0.84, -0.12
07-04-22_19:53:10, configs/celeba/ResNet18sparse_celeba_sc.yml, ResNet18_sparse_celeba_sc, 128,0.01,cosine_lr,0.95, logistic,0.0,dp,0.91, 0.14, 0.91, 0.14, 0.91, 0.14
07-04-22_20:01:24, configs/celeba/ResNet18sparse_celeba_sc.yml, ResNet18_sparse_celeba_sc, 128,0.01,cosine_lr,0.95, logistic,0.06,dp,0.90, 0.07, 0.90, 0.07, 0.89, 0.07
07-04-22_20:09:59, configs/celeba/ResNet18sparse_celeba_sc.yml, ResNet18_sparse_celeba_sc, 128,0.01,cosine_lr,0.95, logistic,0.12,dp,0.89, 0.01, 0.89, 0.02, 0.89, 0.02
07-04-22_20:18:19, configs/celeba/ResNet18sparse_celeba_sc.yml, ResNet18_sparse_celeba_sc, 128,0.01,cosine_lr,0.95, logistic,0.18,dp,0.86, -0.05, 0.86, -0.05, 0.86, -0.05
07-04-22_20:26:40, configs/celeba/ResNet18sparse_celeba_sc.yml, ResNet18_sparse_celeba_sc, 128,0.01,cosine_lr,0.95, logistic,0.24,dp,0.85, -0.11, 0.85, -0.09, 0.84, -0.11
07-05-22_07:02:52, configs/celeba/ResNet18sparse_celeba_sc.yml, ResNet18_sparse_celeba_sc, 128,0.01,cosine_lr,0.05, logistic,0.0,dp,0.92, 0.16, 0.92, 0.16, 0.92, 0.14
07-05-22_07:11:15, configs/celeba/ResNet18sparse_celeba_sc.yml, ResNet18_sparse_celeba_sc, 128,0.01,cosine_lr,0.05, logistic,0.06,dp,0.92, 0.10, 0.92, 0.10, 0.92, 0.10
07-05-22_07:19:38, configs/celeba/ResNet18sparse_celeba_sc.yml, ResNet18_sparse_celeba_sc, 128,0.01,cosine_lr,0.05, logistic,0.12,dp,0.91, 0.06, 0.91, 0.06, 0.91, 0.05
07-05-22_07:27:55, configs/celeba/ResNet18sparse_celeba_sc.yml, ResNet18_sparse_celeba_sc, 128,0.01,cosine_lr,0.05, logistic,0.18,dp,0.90, 0.03, 0.90, 0.03, 0.90, 0.01
07-05-22_07:36:27, configs/celeba/ResNet18sparse_celeba_sc.yml, ResNet18_sparse_celeba_sc, 128,0.01,cosine_lr,0.05, logistic,0.24,dp,0.88, -0.04, 0.88, -0.04, 0.88, -0.05
07-05-22_07:44:58, configs/celeba/ResNet18sparse_celeba_sc.yml, ResNet18_sparse_celeba_sc, 128,0.01,cosine_lr,0.1, logistic,0.0,dp,0.92, 0.13, 0.92, 0.13, 0.92, 0.14
07-05-22_07:53:38, configs/celeba/ResNet18sparse_celeba_sc.yml, ResNet18_sparse_celeba_sc, 128,0.01,cosine_lr,0.1, logistic,0.06,dp,0.92, 0.09, 0.92, 0.09, 0.92, 0.09
07-05-22_08:02:01, configs/celeba/ResNet18sparse_celeba_sc.yml, ResNet18_sparse_celeba_sc, 128,0.01,cosine_lr,0.1, logistic,0.12,dp,0.90, 0.05, 0.90, 0.05, 0.91, 0.05
07-05-22_08:10:15, configs/celeba/ResNet18sparse_celeba_sc.yml, ResNet18_sparse_celeba_sc, 128,0.01,cosine_lr,0.1, logistic,0.18,dp,0.89, -0.02, 0.89, -0.02, 0.89, -0.01
07-05-22_08:18:44, configs/celeba/ResNet18sparse_celeba_sc.yml, ResNet18_sparse_celeba_sc, 128,0.01,cosine_lr,0.1, logistic,0.24,dp,0.85, -0.13, 0.85, -0.13, 0.87, -0.08
07-05-22_08:27:31, configs/celeba/ResNet18sparse_celeba_sc.yml, ResNet18_sparse_celeba_sc, 128,0.01,cosine_lr,0.4, logistic,0.0,dp,0.92, 0.14, 0.92, 0.14, 0.92, 0.14
07-05-22_08:36:19, configs/celeba/ResNet18sparse_celeba_sc.yml, ResNet18_sparse_celeba_sc, 128,0.01,cosine_lr,0.4, logistic,0.06,dp,0.91, 0.08, 0.91, 0.08, 0.91, 0.08
07-05-22_08:45:07, configs/celeba/ResNet18sparse_celeba_sc.yml, ResNet18_sparse_celeba_sc, 128,0.01,cosine_lr,0.4, logistic,0.12,dp,0.90, 0.03, 0.90, 0.03, 0.90, 0.03
07-05-22_08:53:54, configs/celeba/ResNet18sparse_celeba_sc.yml, ResNet18_sparse_celeba_sc, 128,0.01,cosine_lr,0.4, logistic,0.18,dp,0.88, -0.04, 0.88, -0.04, 0.88, -0.04
07-05-22_09:02:26, configs/celeba/ResNet18sparse_celeba_sc.yml, ResNet18_sparse_celeba_sc, 128,0.01,cosine_lr,0.4, logistic,0.24,dp,0.85, -0.12, 0.85, -0.12, 0.85, -0.11
07-05-22_09:11:13, configs/celeba/ResNet18sparse_celeba_sc.yml, ResNet18_sparse_celeba_sc, 128,0.01,cosine_lr,0.8, logistic,0.0,dp,0.91, 0.14, 0.91, 0.14, 0.91, 0.14
07-05-22_09:19:51, configs/celeba/ResNet18sparse_celeba_sc.yml, ResNet18_sparse_celeba_sc, 128,0.01,cosine_lr,0.8, logistic,0.06,dp,0.91, 0.08, 0.91, 0.08, 0.90, 0.08
07-05-22_09:28:17, configs/celeba/ResNet18sparse_celeba_sc.yml, ResNet18_sparse_celeba_sc, 128,0.01,cosine_lr,0.8, logistic,0.12,dp,0.89, 0.00, 0.89, 0.00, 0.89, 0.02
07-05-22_09:36:45, configs/celeba/ResNet18sparse_celeba_sc.yml, ResNet18_sparse_celeba_sc, 128,0.01,cosine_lr,0.8, logistic,0.18,dp,0.87, -0.03, 0.87, -0.03, 0.87, -0.05
07-05-22_09:45:09, configs/celeba/ResNet18sparse_celeba_sc.yml, ResNet18_sparse_celeba_sc, 128,0.01,cosine_lr,0.8, logistic,0.24,dp,0.84, -0.14, 0.84, -0.14, 0.84, -0.12
07-05-22_09:53:34, configs/celeba/ResNet18sparse_celeba_sc.yml, ResNet18_sparse_celeba_sc, 128,0.01,cosine_lr,0.95, logistic,0.0,dp,0.91, 0.15, 0.91, 0.15, 0.91, 0.14
07-05-22_10:02:04, configs/celeba/ResNet18sparse_celeba_sc.yml, ResNet18_sparse_celeba_sc, 128,0.01,cosine_lr,0.95, logistic,0.06,dp,0.90, 0.07, 0.90, 0.07, 0.89, 0.08
07-05-22_10:10:31, configs/celeba/ResNet18sparse_celeba_sc.yml, ResNet18_sparse_celeba_sc, 128,0.01,cosine_lr,0.95, logistic,0.12,dp,0.88, 0.01, 0.88, 0.01, 0.88, 0.02
07-05-22_10:18:56, configs/celeba/ResNet18sparse_celeba_sc.yml, ResNet18_sparse_celeba_sc, 128,0.01,cosine_lr,0.95, logistic,0.18,dp,0.85, -0.05, 0.86, -0.06, 0.86, -0.05
07-05-22_10:27:30, configs/celeba/ResNet18sparse_celeba_sc.yml, ResNet18_sparse_celeba_sc, 128,0.01,cosine_lr,0.95, logistic,0.24,dp,0.84, -0.13, 0.84, -0.13, 0.84, -0.12
10-09-22_04:18:32, configs/celeba/ResNet18sparse_celeba_sc.yml, ResNet18_sparse_celeba_sc, 128,0.01,cosine_lr,0.001, logistic,0.0,dp,0.61, 0.08, 0.77, 0.09, 0.74, 0.10
10-09-22_04:35:54, configs/celeba/ResNet18sparse_celeba_sc.yml, ResNet18_sparse_celeba_sc, 128,0.01,cosine_lr,0.001, logistic,0.06,dp,0.73, 0.06, 0.75, 0.04, 0.71, 0.05
10-09-22_04:53:34, configs/celeba/ResNet18sparse_celeba_sc.yml, ResNet18_sparse_celeba_sc, 128,0.01,cosine_lr,0.001, logistic,0.12,dp,0.73, 0.08, 0.73, 0.08, 0.74, 0.06
10-09-22_05:11:10, configs/celeba/ResNet18sparse_celeba_sc.yml, ResNet18_sparse_celeba_sc, 128,0.01,cosine_lr,0.001, logistic,0.18,dp,0.52, 0.00, 0.69, 0.01, 0.75, 0.01
10-09-22_05:28:47, configs/celeba/ResNet18sparse_celeba_sc.yml, ResNet18_sparse_celeba_sc, 128,0.01,cosine_lr,0.001, logistic,0.24,dp,0.63, -0.04, 0.73, -0.09, 0.69, -0.03
10-09-22_05:46:46, configs/celeba/ResNet18sparse_celeba_sc.yml, ResNet18_sparse_celeba_sc, 128,0.01,cosine_lr,0.005, logistic,0.0,dp,0.88, 0.13, 0.89, 0.14, 0.89, 0.14
10-09-22_06:04:44, configs/celeba/ResNet18sparse_celeba_sc.yml, ResNet18_sparse_celeba_sc, 128,0.01,cosine_lr,0.005, logistic,0.06,dp,0.88, 0.08, 0.88, 0.08, 0.89, 0.09
10-09-22_06:22:31, configs/celeba/ResNet18sparse_celeba_sc.yml, ResNet18_sparse_celeba_sc, 128,0.01,cosine_lr,0.005, logistic,0.12,dp,0.84, -0.02, 0.84, -0.02, 0.87, 0.03
10-09-22_06:40:17, configs/celeba/ResNet18sparse_celeba_sc.yml, ResNet18_sparse_celeba_sc, 128,0.01,cosine_lr,0.005, logistic,0.18,dp,0.85, -0.02, 0.85, -0.02, 0.86, -0.03
10-09-22_06:58:04, configs/celeba/ResNet18sparse_celeba_sc.yml, ResNet18_sparse_celeba_sc, 128,0.01,cosine_lr,0.005, logistic,0.24,dp,0.78, -0.17, 0.78, -0.17, 0.83, -0.10
10-09-22_07:15:44, configs/celeba/ResNet18sparse_celeba_sc.yml, ResNet18_sparse_celeba_sc, 128,0.01,cosine_lr,0.001, logistic,0.0,dp,0.64, 0.08, 0.64, 0.07, 0.73, 0.10
10-09-22_07:33:27, configs/celeba/ResNet18sparse_celeba_sc.yml, ResNet18_sparse_celeba_sc, 128,0.01,cosine_lr,0.001, logistic,0.06,dp,0.67, 0.03, 0.78, 0.07, 0.75, 0.08
10-09-22_07:50:53, configs/celeba/ResNet18sparse_celeba_sc.yml, ResNet18_sparse_celeba_sc, 128,0.01,cosine_lr,0.001, logistic,0.12,dp,0.76, 0.02, 0.76, 0.02, 0.72, 0.03
10-09-22_08:08:30, configs/celeba/ResNet18sparse_celeba_sc.yml, ResNet18_sparse_celeba_sc, 128,0.01,cosine_lr,0.001, logistic,0.18,dp,0.77, -0.00, 0.80, 0.01, 0.74, 0.01
10-09-22_08:26:12, configs/celeba/ResNet18sparse_celeba_sc.yml, ResNet18_sparse_celeba_sc, 128,0.01,cosine_lr,0.001, logistic,0.24,dp,0.70, -0.05, 0.70, -0.05, 0.71, -0.01
10-09-22_08:43:53, configs/celeba/ResNet18sparse_celeba_sc.yml, ResNet18_sparse_celeba_sc, 128,0.01,cosine_lr,0.005, logistic,0.0,dp,0.76, 0.12, 0.88, 0.16, 0.89, 0.14
10-09-22_09:01:37, configs/celeba/ResNet18sparse_celeba_sc.yml, ResNet18_sparse_celeba_sc, 128,0.01,cosine_lr,0.005, logistic,0.06,dp,0.80, 0.10, 0.80, 0.10, 0.80, 0.11
10-09-22_09:19:14, configs/celeba/ResNet18sparse_celeba_sc.yml, ResNet18_sparse_celeba_sc, 128,0.01,cosine_lr,0.005, logistic,0.12,dp,0.86, 0.03, 0.87, 0.02, 0.87, 0.03
10-09-22_09:36:58, configs/celeba/ResNet18sparse_celeba_sc.yml, ResNet18_sparse_celeba_sc, 128,0.01,cosine_lr,0.005, logistic,0.18,dp,0.85, -0.04, 0.85, -0.04, 0.85, -0.04
10-09-22_09:54:36, configs/celeba/ResNet18sparse_celeba_sc.yml, ResNet18_sparse_celeba_sc, 128,0.01,cosine_lr,0.005, logistic,0.24,dp,0.81, -0.13, 0.81, -0.13, 0.83, -0.10
10-09-22_10:12:14, configs/celeba/ResNet18sparse_celeba_sc.yml, ResNet18_sparse_celeba_sc, 128,0.01,cosine_lr,0.001, logistic,0.0,dp,0.79, 0.08, 0.79, 0.08, 0.72, 0.08
10-09-22_10:29:54, configs/celeba/ResNet18sparse_celeba_sc.yml, ResNet18_sparse_celeba_sc, 128,0.01,cosine_lr,0.001, logistic,0.06,dp,0.76, 0.08, 0.76, 0.08, 0.75, 0.07
10-09-22_10:47:25, configs/celeba/ResNet18sparse_celeba_sc.yml, ResNet18_sparse_celeba_sc, 128,0.01,cosine_lr,0.001, logistic,0.12,dp,0.68, 0.02, 0.75, -0.01, 0.74, 0.04
10-09-22_11:04:58, configs/celeba/ResNet18sparse_celeba_sc.yml, ResNet18_sparse_celeba_sc, 128,0.01,cosine_lr,0.001, logistic,0.18,dp,0.53, 0.00, 0.76, -0.07, 0.68, -0.03
10-09-22_11:22:32, configs/celeba/ResNet18sparse_celeba_sc.yml, ResNet18_sparse_celeba_sc, 128,0.01,cosine_lr,0.001, logistic,0.24,dp,0.70, -0.02, 0.74, -0.07, 0.69, -0.03
10-09-22_11:40:09, configs/celeba/ResNet18sparse_celeba_sc.yml, ResNet18_sparse_celeba_sc, 128,0.01,cosine_lr,0.005, logistic,0.0,dp,0.85, 0.13, 0.87, 0.15, 0.89, 0.14
10-09-22_11:57:37, configs/celeba/ResNet18sparse_celeba_sc.yml, ResNet18_sparse_celeba_sc, 128,0.01,cosine_lr,0.005, logistic,0.06,dp,0.88, 0.06, 0.88, 0.06, 0.88, 0.09
10-09-22_12:15:09, configs/celeba/ResNet18sparse_celeba_sc.yml, ResNet18_sparse_celeba_sc, 128,0.01,cosine_lr,0.005, logistic,0.12,dp,0.86, 0.02, 0.87, 0.02, 0.87, 0.03
10-09-22_12:32:52, configs/celeba/ResNet18sparse_celeba_sc.yml, ResNet18_sparse_celeba_sc, 128,0.01,cosine_lr,0.005, logistic,0.18,dp,0.85, -0.02, 0.85, -0.02, 0.86, -0.03
10-09-22_12:50:26, configs/celeba/ResNet18sparse_celeba_sc.yml, ResNet18_sparse_celeba_sc, 128,0.01,cosine_lr,0.005, logistic,0.24,dp,0.80, -0.12, 0.84, -0.09, 0.83, -0.10
10-30-22_16:37:27, configs/celeba/ResNet18sparse_celeba_sc.yml, ResNet18_sparse_celeba_sc, 128,0.01,cosine_lr,0.001, logistic,0.04,eoo,0.62, 0.05, 0.71, 0.04, 0.74, 0.06
