Date Finished, Base Config, Name, Batch Size,Learning Rate,LR Policy,Prune Rate, fair Regularization,lam fair,fair type,Current Val Top 1, Current Val Unfairness, Best Val Top 1, Best Val Unfairness, Best Train Top 1, Best Train Unfairness
10-09-22_04:59:04, configs/celeba/ResNet18pretrained_celeba_ft_subnet_inherit.yml, ResNet18_pretrained_celeba_ft_subnet_inherit, 128,0.01,cosine_lr,0.05, logistic,0.0,dp,0.93, 0.15, 0.93, 0.15, 0.94, 0.14
10-09-22_05:17:17, configs/celeba/ResNet18pretrained_celeba_ft_subnet_inherit.yml, ResNet18_pretrained_celeba_ft_subnet_inherit, 128,0.01,cosine_lr,0.05, logistic,0.06,dp,0.93, 0.11, 0.93, 0.11, 0.94, 0.12
10-09-22_05:35:24, configs/celeba/ResNet18pretrained_celeba_ft_subnet_inherit.yml, ResNet18_pretrained_celeba_ft_subnet_inherit, 128,0.01,cosine_lr,0.05, logistic,0.12,dp,0.92, 0.09, 0.92, 0.09, 0.94, 0.09
10-09-22_05:53:30, configs/celeba/ResNet18pretrained_celeba_ft_subnet_inherit.yml, ResNet18_pretrained_celeba_ft_subnet_inherit, 128,0.01,cosine_lr,0.05, logistic,0.18,dp,0.92, 0.05, 0.92, 0.07, 0.93, 0.06
10-09-22_06:11:34, configs/celeba/ResNet18pretrained_celeba_ft_subnet_inherit.yml, ResNet18_pretrained_celeba_ft_subnet_inherit, 128,0.01,cosine_lr,0.05, logistic,0.24,dp,0.90, 0.01, 0.92, 0.07, 0.92, 0.02
10-09-22_06:29:58, configs/celeba/ResNet18pretrained_celeba_ft_subnet_inherit.yml, ResNet18_pretrained_celeba_ft_subnet_inherit, 128,0.01,cosine_lr,0.05, logistic,0.3,dp,0.89, -0.04, 0.91, 0.02, 0.90, -0.04
10-09-22_06:48:19, configs/celeba/ResNet18pretrained_celeba_ft_subnet_inherit.yml, ResNet18_pretrained_celeba_ft_subnet_inherit, 128,0.01,cosine_lr,0.05, logistic,0.36,dp,0.85, -0.16, 0.85, -0.16, 0.86, -0.14
10-09-22_07:06:42, configs/celeba/ResNet18pretrained_celeba_ft_subnet_inherit.yml, ResNet18_pretrained_celeba_ft_subnet_inherit, 128,0.01,cosine_lr,0.1, logistic,0.0,dp,0.93, 0.13, 0.93, 0.13, 0.94, 0.14
10-09-22_07:25:07, configs/celeba/ResNet18pretrained_celeba_ft_subnet_inherit.yml, ResNet18_pretrained_celeba_ft_subnet_inherit, 128,0.01,cosine_lr,0.1, logistic,0.06,dp,0.93, 0.11, 0.93, 0.11, 0.94, 0.11
10-09-22_07:43:22, configs/celeba/ResNet18pretrained_celeba_ft_subnet_inherit.yml, ResNet18_pretrained_celeba_ft_subnet_inherit, 128,0.01,cosine_lr,0.1, logistic,0.12,dp,0.92, 0.05, 0.92, 0.07, 0.93, 0.08
10-09-22_08:01:43, configs/celeba/ResNet18pretrained_celeba_ft_subnet_inherit.yml, ResNet18_pretrained_celeba_ft_subnet_inherit, 128,0.01,cosine_lr,0.1, logistic,0.18,dp,0.92, 0.05, 0.92, 0.05, 0.93, 0.05
10-09-22_08:20:00, configs/celeba/ResNet18pretrained_celeba_ft_subnet_inherit.yml, ResNet18_pretrained_celeba_ft_subnet_inherit, 128,0.01,cosine_lr,0.1, logistic,0.24,dp,0.91, 0.01, 0.91, 0.01, 0.91, 0.00
10-09-22_08:38:02, configs/celeba/ResNet18pretrained_celeba_ft_subnet_inherit.yml, ResNet18_pretrained_celeba_ft_subnet_inherit, 128,0.01,cosine_lr,0.1, logistic,0.3,dp,0.89, -0.04, 0.90, -0.01, 0.89, -0.06
10-09-22_08:56:07, configs/celeba/ResNet18pretrained_celeba_ft_subnet_inherit.yml, ResNet18_pretrained_celeba_ft_subnet_inherit, 128,0.01,cosine_lr,0.1, logistic,0.36,dp,0.82, -0.22, 0.83, -0.19, 0.85, -0.17
10-09-22_09:14:16, configs/celeba/ResNet18pretrained_celeba_ft_subnet_inherit.yml, ResNet18_pretrained_celeba_ft_subnet_inherit, 128,0.01,cosine_lr,0.4, logistic,0.0,dp,0.93, 0.13, 0.93, 0.13, 0.94, 0.14
10-09-22_09:32:30, configs/celeba/ResNet18pretrained_celeba_ft_subnet_inherit.yml, ResNet18_pretrained_celeba_ft_subnet_inherit, 128,0.01,cosine_lr,0.4, logistic,0.06,dp,0.93, 0.10, 0.93, 0.10, 0.94, 0.11
10-09-22_09:50:40, configs/celeba/ResNet18pretrained_celeba_ft_subnet_inherit.yml, ResNet18_pretrained_celeba_ft_subnet_inherit, 128,0.01,cosine_lr,0.4, logistic,0.12,dp,0.91, 0.05, 0.92, 0.06, 0.93, 0.08
10-09-22_10:09:01, configs/celeba/ResNet18pretrained_celeba_ft_subnet_inherit.yml, ResNet18_pretrained_celeba_ft_subnet_inherit, 128,0.01,cosine_lr,0.4, logistic,0.18,dp,0.91, 0.00, 0.91, 0.00, 0.93, 0.04
10-09-22_10:27:22, configs/celeba/ResNet18pretrained_celeba_ft_subnet_inherit.yml, ResNet18_pretrained_celeba_ft_subnet_inherit, 128,0.01,cosine_lr,0.4, logistic,0.24,dp,0.86, -0.09, 0.89, -0.06, 0.91, -0.00
10-09-22_10:45:38, configs/celeba/ResNet18pretrained_celeba_ft_subnet_inherit.yml, ResNet18_pretrained_celeba_ft_subnet_inherit, 128,0.01,cosine_lr,0.4, logistic,0.3,dp,0.88, -0.07, 0.88, -0.07, 0.89, -0.07
10-09-22_11:03:55, configs/celeba/ResNet18pretrained_celeba_ft_subnet_inherit.yml, ResNet18_pretrained_celeba_ft_subnet_inherit, 128,0.01,cosine_lr,0.4, logistic,0.36,dp,0.86, -0.13, 0.86, -0.13, 0.84, -0.18
10-09-22_11:22:09, configs/celeba/ResNet18pretrained_celeba_ft_subnet_inherit.yml, ResNet18_pretrained_celeba_ft_subnet_inherit, 128,0.01,cosine_lr,0.8, logistic,0.0,dp,0.93, 0.15, 0.93, 0.14, 0.94, 0.14
10-09-22_11:40:27, configs/celeba/ResNet18pretrained_celeba_ft_subnet_inherit.yml, ResNet18_pretrained_celeba_ft_subnet_inherit, 128,0.01,cosine_lr,0.8, logistic,0.06,dp,0.93, 0.10, 0.93, 0.10, 0.94, 0.11
10-09-22_11:58:35, configs/celeba/ResNet18pretrained_celeba_ft_subnet_inherit.yml, ResNet18_pretrained_celeba_ft_subnet_inherit, 128,0.01,cosine_lr,0.8, logistic,0.12,dp,0.92, 0.06, 0.92, 0.08, 0.94, 0.08
10-09-22_12:16:44, configs/celeba/ResNet18pretrained_celeba_ft_subnet_inherit.yml, ResNet18_pretrained_celeba_ft_subnet_inherit, 128,0.01,cosine_lr,0.8, logistic,0.18,dp,0.90, -0.01, 0.90, -0.01, 0.93, 0.04
10-09-22_12:35:17, configs/celeba/ResNet18pretrained_celeba_ft_subnet_inherit.yml, ResNet18_pretrained_celeba_ft_subnet_inherit, 128,0.01,cosine_lr,0.8, logistic,0.24,dp,0.90, -0.00, 0.90, -0.00, 0.91, -0.01
10-09-22_12:53:44, configs/celeba/ResNet18pretrained_celeba_ft_subnet_inherit.yml, ResNet18_pretrained_celeba_ft_subnet_inherit, 128,0.01,cosine_lr,0.8, logistic,0.3,dp,0.87, -0.11, 0.87, -0.10, 0.88, -0.08
10-09-22_13:11:52, configs/celeba/ResNet18pretrained_celeba_ft_subnet_inherit.yml, ResNet18_pretrained_celeba_ft_subnet_inherit, 128,0.01,cosine_lr,0.8, logistic,0.36,dp,0.82, -0.15, 0.82, -0.15, 0.84, -0.19
10-09-22_13:29:49, configs/celeba/ResNet18pretrained_celeba_ft_subnet_inherit.yml, ResNet18_pretrained_celeba_ft_subnet_inherit, 128,0.01,cosine_lr,0.95, logistic,0.0,dp,0.93, 0.14, 0.93, 0.14, 0.94, 0.14
10-09-22_13:47:53, configs/celeba/ResNet18pretrained_celeba_ft_subnet_inherit.yml, ResNet18_pretrained_celeba_ft_subnet_inherit, 128,0.01,cosine_lr,0.95, logistic,0.06,dp,0.93, 0.10, 0.93, 0.10, 0.94, 0.11
10-09-22_14:06:03, configs/celeba/ResNet18pretrained_celeba_ft_subnet_inherit.yml, ResNet18_pretrained_celeba_ft_subnet_inherit, 128,0.01,cosine_lr,0.95, logistic,0.12,dp,0.92, 0.06, 0.92, 0.06, 0.94, 0.08
10-09-22_14:24:18, configs/celeba/ResNet18pretrained_celeba_ft_subnet_inherit.yml, ResNet18_pretrained_celeba_ft_subnet_inherit, 128,0.01,cosine_lr,0.95, logistic,0.18,dp,0.90, -0.00, 0.91, 0.02, 0.92, 0.04
10-09-22_14:42:22, configs/celeba/ResNet18pretrained_celeba_ft_subnet_inherit.yml, ResNet18_pretrained_celeba_ft_subnet_inherit, 128,0.01,cosine_lr,0.95, logistic,0.24,dp,0.90, -0.03, 0.90, 0.00, 0.91, -0.01
10-09-22_15:00:30, configs/celeba/ResNet18pretrained_celeba_ft_subnet_inherit.yml, ResNet18_pretrained_celeba_ft_subnet_inherit, 128,0.01,cosine_lr,0.95, logistic,0.3,dp,0.88, -0.05, 0.88, -0.05, 0.88, -0.09
10-09-22_15:18:30, configs/celeba/ResNet18pretrained_celeba_ft_subnet_inherit.yml, ResNet18_pretrained_celeba_ft_subnet_inherit, 128,0.01,cosine_lr,0.95, logistic,0.36,dp,0.85, -0.13, 0.85, -0.13, 0.84, -0.19
10-09-22_23:57:04, configs/celeba/ResNet18pretrained_celeba_ft_subnet_inherit.yml, ResNet18_pretrained_celeba_ft_subnet_inherit, 128,0.01,cosine_lr,0.001, logistic,0.0,dp,0.76, 0.17, 0.77, 0.17, 0.76, 0.16
10-10-22_00:05:33, configs/celeba/ResNet18pretrained_celeba_ft_subnet_inherit.yml, ResNet18_pretrained_celeba_ft_subnet_inherit, 128,0.01,cosine_lr,0.001, logistic,0.06,dp,0.74, 0.11, 0.75, 0.12, 0.77, 0.11
10-10-22_00:13:56, configs/celeba/ResNet18pretrained_celeba_ft_subnet_inherit.yml, ResNet18_pretrained_celeba_ft_subnet_inherit, 128,0.01,cosine_lr,0.001, logistic,0.12,dp,0.73, 0.06, 0.73, 0.06, 0.73, 0.06
10-10-22_00:22:15, configs/celeba/ResNet18pretrained_celeba_ft_subnet_inherit.yml, ResNet18_pretrained_celeba_ft_subnet_inherit, 128,0.01,cosine_lr,0.001, logistic,0.18,dp,0.75, 0.03, 0.75, 0.03, 0.71, 0.03
10-10-22_00:30:38, configs/celeba/ResNet18pretrained_celeba_ft_subnet_inherit.yml, ResNet18_pretrained_celeba_ft_subnet_inherit, 128,0.01,cosine_lr,0.001, logistic,0.24,dp,0.73, -0.01, 0.73, -0.01, 0.71, -0.01
10-10-22_00:38:51, configs/celeba/ResNet18pretrained_celeba_ft_subnet_inherit.yml, ResNet18_pretrained_celeba_ft_subnet_inherit, 128,0.01,cosine_lr,0.001, logistic,0.3,dp,0.71, -0.07, 0.71, -0.07, 0.68, -0.06
10-10-22_00:47:11, configs/celeba/ResNet18pretrained_celeba_ft_subnet_inherit.yml, ResNet18_pretrained_celeba_ft_subnet_inherit, 128,0.01,cosine_lr,0.001, logistic,0.36,dp,0.69, -0.11, 0.69, -0.11, 0.68, -0.11
10-10-22_00:55:43, configs/celeba/ResNet18pretrained_celeba_ft_subnet_inherit.yml, ResNet18_pretrained_celeba_ft_subnet_inherit, 128,0.01,cosine_lr,0.005, logistic,0.0,dp,0.92, 0.13, 0.92, 0.13, 0.92, 0.14
10-10-22_01:04:03, configs/celeba/ResNet18pretrained_celeba_ft_subnet_inherit.yml, ResNet18_pretrained_celeba_ft_subnet_inherit, 128,0.01,cosine_lr,0.005, logistic,0.06,dp,0.92, 0.11, 0.92, 0.11, 0.92, 0.11
10-10-22_01:12:26, configs/celeba/ResNet18pretrained_celeba_ft_subnet_inherit.yml, ResNet18_pretrained_celeba_ft_subnet_inherit, 128,0.01,cosine_lr,0.005, logistic,0.12,dp,0.92, 0.08, 0.92, 0.08, 0.92, 0.08
10-10-22_01:21:00, configs/celeba/ResNet18pretrained_celeba_ft_subnet_inherit.yml, ResNet18_pretrained_celeba_ft_subnet_inherit, 128,0.01,cosine_lr,0.005, logistic,0.18,dp,0.91, 0.05, 0.91, 0.05, 0.91, 0.04
10-10-22_01:33:46, configs/celeba/ResNet18pretrained_celeba_ft_subnet_inherit.yml, ResNet18_pretrained_celeba_ft_subnet_inherit, 128,0.01,cosine_lr,0.005, logistic,0.24,dp,0.90, -0.00, 0.90, -0.00, 0.89, -0.01
10-10-22_01:43:46, configs/celeba/ResNet18pretrained_celeba_ft_subnet_inherit.yml, ResNet18_pretrained_celeba_ft_subnet_inherit, 128,0.01,cosine_lr,0.005, logistic,0.3,dp,0.88, -0.06, 0.88, -0.06, 0.87, -0.07
10-10-22_01:54:17, configs/celeba/ResNet18pretrained_celeba_ft_subnet_inherit.yml, ResNet18_pretrained_celeba_ft_subnet_inherit, 128,0.01,cosine_lr,0.005, logistic,0.36,dp,0.84, -0.17, 0.84, -0.17, 0.83, -0.18
10-10-22_02:03:13, configs/celeba/ResNet18pretrained_celeba_ft_subnet_inherit.yml, ResNet18_pretrained_celeba_ft_subnet_inherit, 128,0.01,cosine_lr,0.05, logistic,0.0,dp,0.93, 0.13, 0.93, 0.13, 0.94, 0.15
10-10-22_02:11:45, configs/celeba/ResNet18pretrained_celeba_ft_subnet_inherit.yml, ResNet18_pretrained_celeba_ft_subnet_inherit, 128,0.01,cosine_lr,0.05, logistic,0.06,dp,0.93, 0.10, 0.93, 0.10, 0.94, 0.12
10-10-22_02:20:42, configs/celeba/ResNet18pretrained_celeba_ft_subnet_inherit.yml, ResNet18_pretrained_celeba_ft_subnet_inherit, 128,0.01,cosine_lr,0.05, logistic,0.12,dp,0.92, 0.07, 0.92, 0.08, 0.94, 0.09
10-10-22_02:29:08, configs/celeba/ResNet18pretrained_celeba_ft_subnet_inherit.yml, ResNet18_pretrained_celeba_ft_subnet_inherit, 128,0.01,cosine_lr,0.05, logistic,0.18,dp,0.92, 0.06, 0.92, 0.06, 0.93, 0.06
10-10-22_02:38:01, configs/celeba/ResNet18pretrained_celeba_ft_subnet_inherit.yml, ResNet18_pretrained_celeba_ft_subnet_inherit, 128,0.01,cosine_lr,0.05, logistic,0.24,dp,0.91, 0.01, 0.91, 0.01, 0.92, 0.02
10-10-22_02:46:55, configs/celeba/ResNet18pretrained_celeba_ft_subnet_inherit.yml, ResNet18_pretrained_celeba_ft_subnet_inherit, 128,0.01,cosine_lr,0.05, logistic,0.3,dp,0.89, -0.03, 0.90, 0.01, 0.90, -0.03
10-10-22_02:55:40, configs/celeba/ResNet18pretrained_celeba_ft_subnet_inherit.yml, ResNet18_pretrained_celeba_ft_subnet_inherit, 128,0.01,cosine_lr,0.05, logistic,0.36,dp,0.87, -0.09, 0.87, -0.09, 0.86, -0.14
10-10-22_03:04:17, configs/celeba/ResNet18pretrained_celeba_ft_subnet_inherit.yml, ResNet18_pretrained_celeba_ft_subnet_inherit, 128,0.01,cosine_lr,0.1, logistic,0.0,dp,0.93, 0.15, 0.93, 0.15, 0.94, 0.14
10-10-22_03:12:53, configs/celeba/ResNet18pretrained_celeba_ft_subnet_inherit.yml, ResNet18_pretrained_celeba_ft_subnet_inherit, 128,0.01,cosine_lr,0.1, logistic,0.06,dp,0.93, 0.10, 0.93, 0.10, 0.94, 0.11
10-10-22_03:21:34, configs/celeba/ResNet18pretrained_celeba_ft_subnet_inherit.yml, ResNet18_pretrained_celeba_ft_subnet_inherit, 128,0.01,cosine_lr,0.1, logistic,0.12,dp,0.92, 0.07, 0.92, 0.07, 0.93, 0.08
10-10-22_03:30:12, configs/celeba/ResNet18pretrained_celeba_ft_subnet_inherit.yml, ResNet18_pretrained_celeba_ft_subnet_inherit, 128,0.01,cosine_lr,0.1, logistic,0.18,dp,0.91, 0.06, 0.91, 0.04, 0.93, 0.05
10-10-22_03:38:52, configs/celeba/ResNet18pretrained_celeba_ft_subnet_inherit.yml, ResNet18_pretrained_celeba_ft_subnet_inherit, 128,0.01,cosine_lr,0.1, logistic,0.24,dp,0.90, 0.00, 0.90, 0.00, 0.91, 0.00
10-10-22_03:47:32, configs/celeba/ResNet18pretrained_celeba_ft_subnet_inherit.yml, ResNet18_pretrained_celeba_ft_subnet_inherit, 128,0.01,cosine_lr,0.1, logistic,0.3,dp,0.85, -0.11, 0.89, -0.04, 0.89, -0.06
10-10-22_03:56:08, configs/celeba/ResNet18pretrained_celeba_ft_subnet_inherit.yml, ResNet18_pretrained_celeba_ft_subnet_inherit, 128,0.01,cosine_lr,0.1, logistic,0.36,dp,0.82, -0.22, 0.82, -0.22, 0.84, -0.17
10-10-22_04:04:47, configs/celeba/ResNet18pretrained_celeba_ft_subnet_inherit.yml, ResNet18_pretrained_celeba_ft_subnet_inherit, 128,0.01,cosine_lr,0.4, logistic,0.0,dp,0.93, 0.15, 0.93, 0.13, 0.94, 0.14
10-10-22_04:13:19, configs/celeba/ResNet18pretrained_celeba_ft_subnet_inherit.yml, ResNet18_pretrained_celeba_ft_subnet_inherit, 128,0.01,cosine_lr,0.4, logistic,0.06,dp,0.93, 0.11, 0.93, 0.11, 0.94, 0.11
10-10-22_04:21:50, configs/celeba/ResNet18pretrained_celeba_ft_subnet_inherit.yml, ResNet18_pretrained_celeba_ft_subnet_inherit, 128,0.01,cosine_lr,0.4, logistic,0.12,dp,0.93, 0.08, 0.93, 0.08, 0.94, 0.08
10-10-22_04:30:19, configs/celeba/ResNet18pretrained_celeba_ft_subnet_inherit.yml, ResNet18_pretrained_celeba_ft_subnet_inherit, 128,0.01,cosine_lr,0.4, logistic,0.18,dp,0.92, 0.04, 0.92, 0.04, 0.93, 0.04
10-10-22_04:38:49, configs/celeba/ResNet18pretrained_celeba_ft_subnet_inherit.yml, ResNet18_pretrained_celeba_ft_subnet_inherit, 128,0.01,cosine_lr,0.4, logistic,0.24,dp,0.90, -0.03, 0.91, 0.02, 0.91, -0.01
10-10-22_04:47:18, configs/celeba/ResNet18pretrained_celeba_ft_subnet_inherit.yml, ResNet18_pretrained_celeba_ft_subnet_inherit, 128,0.01,cosine_lr,0.4, logistic,0.3,dp,0.86, -0.11, 0.87, -0.10, 0.88, -0.08
10-10-22_04:55:49, configs/celeba/ResNet18pretrained_celeba_ft_subnet_inherit.yml, ResNet18_pretrained_celeba_ft_subnet_inherit, 128,0.01,cosine_lr,0.4, logistic,0.36,dp,0.81, -0.22, 0.85, -0.14, 0.84, -0.18
10-10-22_05:04:19, configs/celeba/ResNet18pretrained_celeba_ft_subnet_inherit.yml, ResNet18_pretrained_celeba_ft_subnet_inherit, 128,0.01,cosine_lr,0.8, logistic,0.0,dp,0.93, 0.14, 0.93, 0.14, 0.94, 0.15
10-10-22_05:12:46, configs/celeba/ResNet18pretrained_celeba_ft_subnet_inherit.yml, ResNet18_pretrained_celeba_ft_subnet_inherit, 128,0.01,cosine_lr,0.8, logistic,0.06,dp,0.93, 0.10, 0.93, 0.10, 0.94, 0.11
10-10-22_05:21:17, configs/celeba/ResNet18pretrained_celeba_ft_subnet_inherit.yml, ResNet18_pretrained_celeba_ft_subnet_inherit, 128,0.01,cosine_lr,0.8, logistic,0.12,dp,0.92, 0.06, 0.92, 0.06, 0.94, 0.08
10-10-22_05:29:49, configs/celeba/ResNet18pretrained_celeba_ft_subnet_inherit.yml, ResNet18_pretrained_celeba_ft_subnet_inherit, 128,0.01,cosine_lr,0.8, logistic,0.18,dp,0.91, 0.03, 0.91, 0.03, 0.93, 0.04
10-10-22_05:38:24, configs/celeba/ResNet18pretrained_celeba_ft_subnet_inherit.yml, ResNet18_pretrained_celeba_ft_subnet_inherit, 128,0.01,cosine_lr,0.8, logistic,0.24,dp,0.90, -0.01, 0.90, -0.01, 0.91, -0.01
10-10-22_05:46:57, configs/celeba/ResNet18pretrained_celeba_ft_subnet_inherit.yml, ResNet18_pretrained_celeba_ft_subnet_inherit, 128,0.01,cosine_lr,0.8, logistic,0.3,dp,0.88, -0.08, 0.88, -0.06, 0.88, -0.08
10-10-22_05:55:30, configs/celeba/ResNet18pretrained_celeba_ft_subnet_inherit.yml, ResNet18_pretrained_celeba_ft_subnet_inherit, 128,0.01,cosine_lr,0.8, logistic,0.36,dp,0.79, -0.29, 0.83, -0.19, 0.84, -0.19
10-10-22_06:04:07, configs/celeba/ResNet18pretrained_celeba_ft_subnet_inherit.yml, ResNet18_pretrained_celeba_ft_subnet_inherit, 128,0.01,cosine_lr,0.95, logistic,0.0,dp,0.93, 0.15, 0.93, 0.15, 0.94, 0.14
10-10-22_06:12:42, configs/celeba/ResNet18pretrained_celeba_ft_subnet_inherit.yml, ResNet18_pretrained_celeba_ft_subnet_inherit, 128,0.01,cosine_lr,0.95, logistic,0.06,dp,0.93, 0.11, 0.93, 0.11, 0.94, 0.11
10-10-22_06:21:14, configs/celeba/ResNet18pretrained_celeba_ft_subnet_inherit.yml, ResNet18_pretrained_celeba_ft_subnet_inherit, 128,0.01,cosine_lr,0.95, logistic,0.12,dp,0.92, 0.09, 0.92, 0.09, 0.94, 0.08
10-10-22_06:29:48, configs/celeba/ResNet18pretrained_celeba_ft_subnet_inherit.yml, ResNet18_pretrained_celeba_ft_subnet_inherit, 128,0.01,cosine_lr,0.95, logistic,0.18,dp,0.91, 0.02, 0.92, 0.06, 0.92, 0.04
10-10-22_06:38:22, configs/celeba/ResNet18pretrained_celeba_ft_subnet_inherit.yml, ResNet18_pretrained_celeba_ft_subnet_inherit, 128,0.01,cosine_lr,0.95, logistic,0.24,dp,0.90, -0.02, 0.90, -0.02, 0.91, -0.02
10-10-22_06:46:54, configs/celeba/ResNet18pretrained_celeba_ft_subnet_inherit.yml, ResNet18_pretrained_celeba_ft_subnet_inherit, 128,0.01,cosine_lr,0.95, logistic,0.3,dp,0.88, -0.07, 0.88, -0.07, 0.88, -0.09
10-10-22_06:55:25, configs/celeba/ResNet18pretrained_celeba_ft_subnet_inherit.yml, ResNet18_pretrained_celeba_ft_subnet_inherit, 128,0.01,cosine_lr,0.95, logistic,0.36,dp,0.83, -0.20, 0.84, -0.12, 0.84, -0.19

10-19-22_05:13:54, configs/celeba/ResNet18pretrained_celeba_ft_subnet_inherit.yml, ResNet18_pretrained_celeba_ft_subnet_inherit, 128,0.01,cosine_lr,0.001, logistic,0.0,dp,0.76, 0.16, 0.79, 0.17, 0.76, 0.15
10-19-22_05:31:20, configs/celeba/ResNet18pretrained_celeba_ft_subnet_inherit.yml, ResNet18_pretrained_celeba_ft_subnet_inherit, 128,0.01,cosine_lr,0.001, logistic,0.06,dp,0.76, 0.11, 0.79, 0.11, 0.75, 0.11
10-19-22_05:48:51, configs/celeba/ResNet18pretrained_celeba_ft_subnet_inherit.yml, ResNet18_pretrained_celeba_ft_subnet_inherit, 128,0.01,cosine_lr,0.001, logistic,0.12,dp,0.75, 0.07, 0.77, 0.05, 0.74, 0.07
10-19-22_06:06:29, configs/celeba/ResNet18pretrained_celeba_ft_subnet_inherit.yml, ResNet18_pretrained_celeba_ft_subnet_inherit, 128,0.01,cosine_lr,0.001, logistic,0.18,dp,0.73, 0.03, 0.75, 0.03, 0.73, 0.02
10-19-22_06:23:57, configs/celeba/ResNet18pretrained_celeba_ft_subnet_inherit.yml, ResNet18_pretrained_celeba_ft_subnet_inherit, 128,0.01,cosine_lr,0.001, logistic,0.24,dp,0.77, -0.03, 0.77, -0.03, 0.72, -0.01
10-19-22_06:41:32, configs/celeba/ResNet18pretrained_celeba_ft_subnet_inherit.yml, ResNet18_pretrained_celeba_ft_subnet_inherit, 128,0.01,cosine_lr,0.001, logistic,0.3,dp,0.66, -0.05, 0.71, -0.05, 0.68, -0.06
10-19-22_06:59:05, configs/celeba/ResNet18pretrained_celeba_ft_subnet_inherit.yml, ResNet18_pretrained_celeba_ft_subnet_inherit, 128,0.01,cosine_lr,0.001, logistic,0.36,dp,0.64, -0.09, 0.70, -0.14, 0.66, -0.10
10-19-22_07:16:36, configs/celeba/ResNet18pretrained_celeba_ft_subnet_inherit.yml, ResNet18_pretrained_celeba_ft_subnet_inherit, 128,0.01,cosine_lr,0.005, logistic,0.0,dp,0.92, 0.15, 0.92, 0.15, 0.92, 0.14
10-19-22_07:34:22, configs/celeba/ResNet18pretrained_celeba_ft_subnet_inherit.yml, ResNet18_pretrained_celeba_ft_subnet_inherit, 128,0.01,cosine_lr,0.005, logistic,0.06,dp,0.92, 0.11, 0.92, 0.11, 0.92, 0.11
10-19-22_07:52:11, configs/celeba/ResNet18pretrained_celeba_ft_subnet_inherit.yml, ResNet18_pretrained_celeba_ft_subnet_inherit, 128,0.01,cosine_lr,0.005, logistic,0.12,dp,0.92, 0.08, 0.92, 0.08, 0.92, 0.08
10-19-22_08:09:49, configs/celeba/ResNet18pretrained_celeba_ft_subnet_inherit.yml, ResNet18_pretrained_celeba_ft_subnet_inherit, 128,0.01,cosine_lr,0.005, logistic,0.18,dp,0.91, 0.04, 0.91, 0.04, 0.91, 0.04
10-19-22_08:27:35, configs/celeba/ResNet18pretrained_celeba_ft_subnet_inherit.yml, ResNet18_pretrained_celeba_ft_subnet_inherit, 128,0.01,cosine_lr,0.005, logistic,0.24,dp,0.90, 0.02, 0.90, 0.02, 0.89, -0.01
10-19-22_08:45:05, configs/celeba/ResNet18pretrained_celeba_ft_subnet_inherit.yml, ResNet18_pretrained_celeba_ft_subnet_inherit, 128,0.01,cosine_lr,0.005, logistic,0.3,dp,0.87, -0.09, 0.87, -0.09, 0.87, -0.07
10-19-22_09:02:49, configs/celeba/ResNet18pretrained_celeba_ft_subnet_inherit.yml, ResNet18_pretrained_celeba_ft_subnet_inherit, 128,0.01,cosine_lr,0.005, logistic,0.36,dp,0.83, -0.19, 0.83, -0.19, 0.83, -0.18
10-19-22_09:20:08, configs/celeba/ResNet18pretrained_celeba_ft_subnet_inherit.yml, ResNet18_pretrained_celeba_ft_subnet_inherit, 128,0.01,cosine_lr,0.05, logistic,0.0,dp,0.93, 0.14, 0.93, 0.14, 0.94, 0.14
10-19-22_09:37:36, configs/celeba/ResNet18pretrained_celeba_ft_subnet_inherit.yml, ResNet18_pretrained_celeba_ft_subnet_inherit, 128,0.01,cosine_lr,0.05, logistic,0.06,dp,0.93, 0.12, 0.93, 0.12, 0.94, 0.12
10-19-22_09:55:02, configs/celeba/ResNet18pretrained_celeba_ft_subnet_inherit.yml, ResNet18_pretrained_celeba_ft_subnet_inherit, 128,0.01,cosine_lr,0.05, logistic,0.12,dp,0.92, 0.08, 0.92, 0.08, 0.94, 0.09
10-19-22_10:12:39, configs/celeba/ResNet18pretrained_celeba_ft_subnet_inherit.yml, ResNet18_pretrained_celeba_ft_subnet_inherit, 128,0.01,cosine_lr,0.05, logistic,0.18,dp,0.92, 0.07, 0.92, 0.07, 0.93, 0.06
10-19-22_10:30:14, configs/celeba/ResNet18pretrained_celeba_ft_subnet_inherit.yml, ResNet18_pretrained_celeba_ft_subnet_inherit, 128,0.01,cosine_lr,0.05, logistic,0.24,dp,0.91, 0.05, 0.91, 0.05, 0.92, 0.02
10-19-22_10:47:47, configs/celeba/ResNet18pretrained_celeba_ft_subnet_inherit.yml, ResNet18_pretrained_celeba_ft_subnet_inherit, 128,0.01,cosine_lr,0.05, logistic,0.3,dp,0.88, -0.06, 0.90, 0.00, 0.90, -0.03
10-19-22_11:05:17, configs/celeba/ResNet18pretrained_celeba_ft_subnet_inherit.yml, ResNet18_pretrained_celeba_ft_subnet_inherit, 128,0.01,cosine_lr,0.05, logistic,0.36,dp,0.84, -0.16, 0.87, -0.11, 0.86, -0.14
10-19-22_11:22:57, configs/celeba/ResNet18pretrained_celeba_ft_subnet_inherit.yml, ResNet18_pretrained_celeba_ft_subnet_inherit, 128,0.01,cosine_lr,0.1, logistic,0.0,dp,0.93, 0.15, 0.93, 0.15, 0.94, 0.14
10-19-22_11:40:35, configs/celeba/ResNet18pretrained_celeba_ft_subnet_inherit.yml, ResNet18_pretrained_celeba_ft_subnet_inherit, 128,0.01,cosine_lr,0.1, logistic,0.06,dp,0.92, 0.09, 0.92, 0.08, 0.94, 0.11
10-19-22_11:58:15, configs/celeba/ResNet18pretrained_celeba_ft_subnet_inherit.yml, ResNet18_pretrained_celeba_ft_subnet_inherit, 128,0.01,cosine_lr,0.1, logistic,0.12,dp,0.92, 0.07, 0.92, 0.07, 0.94, 0.08
10-19-22_12:15:40, configs/celeba/ResNet18pretrained_celeba_ft_subnet_inherit.yml, ResNet18_pretrained_celeba_ft_subnet_inherit, 128,0.01,cosine_lr,0.1, logistic,0.18,dp,0.92, 0.06, 0.92, 0.06, 0.93, 0.05
10-19-22_12:33:00, configs/celeba/ResNet18pretrained_celeba_ft_subnet_inherit.yml, ResNet18_pretrained_celeba_ft_subnet_inherit, 128,0.01,cosine_lr,0.1, logistic,0.24,dp,0.91, 0.01, 0.91, 0.01, 0.91, 0.01
10-19-22_12:50:33, configs/celeba/ResNet18pretrained_celeba_ft_subnet_inherit.yml, ResNet18_pretrained_celeba_ft_subnet_inherit, 128,0.01,cosine_lr,0.1, logistic,0.3,dp,0.86, -0.10, 0.89, -0.03, 0.89, -0.06
10-19-22_13:08:10, configs/celeba/ResNet18pretrained_celeba_ft_subnet_inherit.yml, ResNet18_pretrained_celeba_ft_subnet_inherit, 128,0.01,cosine_lr,0.1, logistic,0.36,dp,0.79, -0.27, 0.87, -0.08, 0.84, -0.17
10-19-22_13:25:34, configs/celeba/ResNet18pretrained_celeba_ft_subnet_inherit.yml, ResNet18_pretrained_celeba_ft_subnet_inherit, 128,0.01,cosine_lr,0.4, logistic,0.0,dp,0.93, 0.14, 0.93, 0.14, 0.94, 0.14
10-19-22_13:42:54, configs/celeba/ResNet18pretrained_celeba_ft_subnet_inherit.yml, ResNet18_pretrained_celeba_ft_subnet_inherit, 128,0.01,cosine_lr,0.4, logistic,0.06,dp,0.92, 0.09, 0.93, 0.11, 0.94, 0.11
10-19-22_14:00:33, configs/celeba/ResNet18pretrained_celeba_ft_subnet_inherit.yml, ResNet18_pretrained_celeba_ft_subnet_inherit, 128,0.01,cosine_lr,0.4, logistic,0.12,dp,0.92, 0.08, 0.92, 0.09, 0.93, 0.08
10-19-22_14:18:04, configs/celeba/ResNet18pretrained_celeba_ft_subnet_inherit.yml, ResNet18_pretrained_celeba_ft_subnet_inherit, 128,0.01,cosine_lr,0.4, logistic,0.18,dp,0.91, 0.03, 0.91, 0.03, 0.93, 0.04
10-19-22_14:35:54, configs/celeba/ResNet18pretrained_celeba_ft_subnet_inherit.yml, ResNet18_pretrained_celeba_ft_subnet_inherit, 128,0.01,cosine_lr,0.4, logistic,0.24,dp,0.91, 0.01, 0.91, 0.01, 0.91, -0.01
10-19-22_14:53:31, configs/celeba/ResNet18pretrained_celeba_ft_subnet_inherit.yml, ResNet18_pretrained_celeba_ft_subnet_inherit, 128,0.01,cosine_lr,0.4, logistic,0.3,dp,0.90, -0.02, 0.90, -0.02, 0.88, -0.08
10-19-22_15:10:50, configs/celeba/ResNet18pretrained_celeba_ft_subnet_inherit.yml, ResNet18_pretrained_celeba_ft_subnet_inherit, 128,0.01,cosine_lr,0.4, logistic,0.36,dp,0.85, -0.11, 0.87, -0.09, 0.84, -0.18
10-19-22_15:28:20, configs/celeba/ResNet18pretrained_celeba_ft_subnet_inherit.yml, ResNet18_pretrained_celeba_ft_subnet_inherit, 128,0.01,cosine_lr,0.8, logistic,0.0,dp,0.93, 0.13, 0.93, 0.13, 0.94, 0.14
10-19-22_15:45:48, configs/celeba/ResNet18pretrained_celeba_ft_subnet_inherit.yml, ResNet18_pretrained_celeba_ft_subnet_inherit, 128,0.01,cosine_lr,0.8, logistic,0.06,dp,0.93, 0.10, 0.93, 0.10, 0.94, 0.11
10-19-22_16:03:47, configs/celeba/ResNet18pretrained_celeba_ft_subnet_inherit.yml, ResNet18_pretrained_celeba_ft_subnet_inherit, 128,0.01,cosine_lr,0.8, logistic,0.12,dp,0.92, 0.08, 0.92, 0.08, 0.94, 0.08
10-19-22_16:16:59, configs/celeba/ResNet18pretrained_celeba_ft_subnet_inherit.yml, ResNet18_pretrained_celeba_ft_subnet_inherit, 128,0.01,cosine_lr,0.8, logistic,0.18,dp,0.92, 0.04, 0.92, 0.04, 0.92, 0.04
10-19-22_16:26:08, configs/celeba/ResNet18pretrained_celeba_ft_subnet_inherit.yml, ResNet18_pretrained_celeba_ft_subnet_inherit, 128,0.01,cosine_lr,0.8, logistic,0.24,dp,0.90, 0.01, 0.90, 0.01, 0.91, -0.01
10-19-22_16:35:30, configs/celeba/ResNet18pretrained_celeba_ft_subnet_inherit.yml, ResNet18_pretrained_celeba_ft_subnet_inherit, 128,0.01,cosine_lr,0.8, logistic,0.3,dp,0.88, -0.03, 0.89, -0.05, 0.88, -0.09
10-19-22_16:44:27, configs/celeba/ResNet18pretrained_celeba_ft_subnet_inherit.yml, ResNet18_pretrained_celeba_ft_subnet_inherit, 128,0.01,cosine_lr,0.8, logistic,0.36,dp,0.84, -0.17, 0.85, -0.14, 0.84, -0.19
10-19-22_16:53:50, configs/celeba/ResNet18pretrained_celeba_ft_subnet_inherit.yml, ResNet18_pretrained_celeba_ft_subnet_inherit, 128,0.01,cosine_lr,0.95, logistic,0.0,dp,0.93, 0.14, 0.93, 0.14, 0.94, 0.14
10-19-22_17:03:06, configs/celeba/ResNet18pretrained_celeba_ft_subnet_inherit.yml, ResNet18_pretrained_celeba_ft_subnet_inherit, 128,0.01,cosine_lr,0.95, logistic,0.06,dp,0.93, 0.11, 0.93, 0.11, 0.94, 0.11
10-19-22_17:12:50, configs/celeba/ResNet18pretrained_celeba_ft_subnet_inherit.yml, ResNet18_pretrained_celeba_ft_subnet_inherit, 128,0.01,cosine_lr,0.95, logistic,0.12,dp,0.92, 0.07, 0.92, 0.07, 0.93, 0.08
10-19-22_17:22:42, configs/celeba/ResNet18pretrained_celeba_ft_subnet_inherit.yml, ResNet18_pretrained_celeba_ft_subnet_inherit, 128,0.01,cosine_lr,0.95, logistic,0.18,dp,0.91, 0.03, 0.91, 0.03, 0.93, 0.04
10-19-22_17:32:27, configs/celeba/ResNet18pretrained_celeba_ft_subnet_inherit.yml, ResNet18_pretrained_celeba_ft_subnet_inherit, 128,0.01,cosine_lr,0.95, logistic,0.24,dp,0.89, -0.04, 0.90, 0.02, 0.91, -0.01
10-19-22_17:42:17, configs/celeba/ResNet18pretrained_celeba_ft_subnet_inherit.yml, ResNet18_pretrained_celeba_ft_subnet_inherit, 128,0.01,cosine_lr,0.95, logistic,0.3,dp,0.85, -0.15, 0.87, -0.09, 0.88, -0.09
10-19-22_17:52:10, configs/celeba/ResNet18pretrained_celeba_ft_subnet_inherit.yml, ResNet18_pretrained_celeba_ft_subnet_inherit, 128,0.01,cosine_lr,0.95, logistic,0.36,dp,0.80, -0.26, 0.84, -0.14, 0.84, -0.19
10-19-22_23:08:53, configs/celeba/ResNet18pretrained_celeba_ft_subnet_inherit.yml, ResNet18_pretrained_celeba_ft_subnet_inherit, 128,0.01,cosine_lr,0.05, logistic,0.0,dp,0.93, 0.15, 0.93, 0.12, 0.94, 0.15
10-19-22_23:46:20, configs/celeba/ResNet18pretrained_celeba_ft_subnet_inherit.yml, ResNet18_pretrained_celeba_ft_subnet_inherit, 128,0.01,cosine_lr,0.05, logistic,0.0,dp,0.92, 0.12, 0.93, 0.12, 0.94, 0.14
10-20-22_00:00:05, configs/celeba/ResNet18pretrained_celeba_ft_subnet_inherit.yml, ResNet18_pretrained_celeba_ft_subnet_inherit, 128,0.01,cosine_lr,0.05, logistic,18.0,dp,0.44, -0.96, 0.44, -0.96, 0.44, -0.87
10-20-22_00:11:05, configs/celeba/ResNet18pretrained_celeba_ft_subnet_inherit.yml, ResNet18_pretrained_celeba_ft_subnet_inherit, 128,0.01,cosine_lr,0.05, logistic,0.18,dp,0.92, 0.06, 0.92, 0.06, 0.93, 0.06
10-20-22_02:03:05, configs/celeba/ResNet18pretrained_celeba_ft_subnet_inherit.yml, ResNet18_pretrained_celeba_ft_subnet_inherit, 128,0.01,cosine_lr,0.05, logistic,0.18,dp,0.92, 0.05, 0.92, 0.06, 0.93, 0.06
10-20-22_12:16:16, configs/celeba/ResNet18pretrained_celeba_ft_subnet_inherit.yml, ResNet18_pretrained_celeba_ft_subnet_inherit, 128,0.01,cosine_lr,0.05, logistic,0.18,dp,0.91, 0.07, 0.92, 0.07, 0.93, 0.06
10-20-22_21:45:43, configs/celeba/ResNet18pretrained_celeba_ft_subnet_inherit.yml, ResNet18_pretrained_celeba_ft_subnet_inherit, 128,0.01,cosine_lr,0.001, logistic,0.0,dp,0.72, 0.14, 0.80, 0.18, 0.75, 0.15
10-20-22_21:54:00, configs/celeba/ResNet18pretrained_celeba_ft_subnet_inherit.yml, ResNet18_pretrained_celeba_ft_subnet_inherit, 128,0.01,cosine_lr,0.001, logistic,0.06,dp,0.78, 0.11, 0.78, 0.11, 0.76, 0.11
10-20-22_22:02:20, configs/celeba/ResNet18pretrained_celeba_ft_subnet_inherit.yml, ResNet18_pretrained_celeba_ft_subnet_inherit, 128,0.01,cosine_lr,0.001, logistic,0.12,dp,0.78, 0.08, 0.78, 0.08, 0.75, 0.08
10-20-22_22:10:35, configs/celeba/ResNet18pretrained_celeba_ft_subnet_inherit.yml, ResNet18_pretrained_celeba_ft_subnet_inherit, 128,0.01,cosine_lr,0.001, logistic,0.18,dp,0.75, 0.03, 0.75, 0.03, 0.72, 0.03
10-20-22_22:18:53, configs/celeba/ResNet18pretrained_celeba_ft_subnet_inherit.yml, ResNet18_pretrained_celeba_ft_subnet_inherit, 128,0.01,cosine_lr,0.001, logistic,0.24,dp,0.71, 0.00, 0.75, -0.03, 0.71, -0.02
10-20-22_22:27:18, configs/celeba/ResNet18pretrained_celeba_ft_subnet_inherit.yml, ResNet18_pretrained_celeba_ft_subnet_inherit, 128,0.01,cosine_lr,0.001, logistic,0.3,dp,0.71, -0.04, 0.74, -0.09, 0.69, -0.06
10-20-22_22:35:36, configs/celeba/ResNet18pretrained_celeba_ft_subnet_inherit.yml, ResNet18_pretrained_celeba_ft_subnet_inherit, 128,0.01,cosine_lr,0.001, logistic,0.36,dp,0.70, -0.12, 0.73, -0.17, 0.68, -0.10
10-20-22_22:44:03, configs/celeba/ResNet18pretrained_celeba_ft_subnet_inherit.yml, ResNet18_pretrained_celeba_ft_subnet_inherit, 128,0.01,cosine_lr,0.005, logistic,0.0,dp,0.92, 0.14, 0.92, 0.14, 0.92, 0.14
10-20-22_22:52:31, configs/celeba/ResNet18pretrained_celeba_ft_subnet_inherit.yml, ResNet18_pretrained_celeba_ft_subnet_inherit, 128,0.01,cosine_lr,0.005, logistic,0.06,dp,0.92, 0.11, 0.92, 0.11, 0.92, 0.11
10-20-22_23:01:02, configs/celeba/ResNet18pretrained_celeba_ft_subnet_inherit.yml, ResNet18_pretrained_celeba_ft_subnet_inherit, 128,0.01,cosine_lr,0.005, logistic,0.12,dp,0.92, 0.07, 0.92, 0.07, 0.92, 0.08
10-20-22_23:09:31, configs/celeba/ResNet18pretrained_celeba_ft_subnet_inherit.yml, ResNet18_pretrained_celeba_ft_subnet_inherit, 128,0.01,cosine_lr,0.005, logistic,0.18,dp,0.91, 0.05, 0.91, 0.06, 0.91, 0.04
10-20-22_23:17:55, configs/celeba/ResNet18pretrained_celeba_ft_subnet_inherit.yml, ResNet18_pretrained_celeba_ft_subnet_inherit, 128,0.01,cosine_lr,0.005, logistic,0.24,dp,0.89, 0.00, 0.89, 0.00, 0.89, -0.01
10-20-22_23:26:19, configs/celeba/ResNet18pretrained_celeba_ft_subnet_inherit.yml, ResNet18_pretrained_celeba_ft_subnet_inherit, 128,0.01,cosine_lr,0.005, logistic,0.3,dp,0.87, -0.08, 0.87, -0.08, 0.87, -0.07
10-20-22_23:34:43, configs/celeba/ResNet18pretrained_celeba_ft_subnet_inherit.yml, ResNet18_pretrained_celeba_ft_subnet_inherit, 128,0.01,cosine_lr,0.005, logistic,0.36,dp,0.84, -0.14, 0.84, -0.14, 0.83, -0.18
10-20-22_23:43:07, configs/celeba/ResNet18pretrained_celeba_ft_subnet_inherit.yml, ResNet18_pretrained_celeba_ft_subnet_inherit, 128,0.01,cosine_lr,0.05, logistic,0.0,dp,0.93, 0.15, 0.93, 0.15, 0.94, 0.14
10-20-22_23:51:27, configs/celeba/ResNet18pretrained_celeba_ft_subnet_inherit.yml, ResNet18_pretrained_celeba_ft_subnet_inherit, 128,0.01,cosine_lr,0.05, logistic,0.06,dp,0.92, 0.12, 0.92, 0.12, 0.94, 0.12
10-20-22_23:59:53, configs/celeba/ResNet18pretrained_celeba_ft_subnet_inherit.yml, ResNet18_pretrained_celeba_ft_subnet_inherit, 128,0.01,cosine_lr,0.05, logistic,0.12,dp,0.93, 0.09, 0.93, 0.09, 0.94, 0.09
10-21-22_00:08:25, configs/celeba/ResNet18pretrained_celeba_ft_subnet_inherit.yml, ResNet18_pretrained_celeba_ft_subnet_inherit, 128,0.01,cosine_lr,0.05, logistic,0.18,dp,0.92, 0.06, 0.92, 0.06, 0.93, 0.06
10-21-22_00:16:52, configs/celeba/ResNet18pretrained_celeba_ft_subnet_inherit.yml, ResNet18_pretrained_celeba_ft_subnet_inherit, 128,0.01,cosine_lr,0.05, logistic,0.24,dp,0.91, 0.03, 0.91, 0.03, 0.92, 0.03
10-21-22_00:25:25, configs/celeba/ResNet18pretrained_celeba_ft_subnet_inherit.yml, ResNet18_pretrained_celeba_ft_subnet_inherit, 128,0.01,cosine_lr,0.05, logistic,0.3,dp,0.88, -0.06, 0.89, -0.03, 0.90, -0.03
10-21-22_00:33:52, configs/celeba/ResNet18pretrained_celeba_ft_subnet_inherit.yml, ResNet18_pretrained_celeba_ft_subnet_inherit, 128,0.01,cosine_lr,0.05, logistic,0.36,dp,0.86, -0.14, 0.86, -0.12, 0.86, -0.14
10-21-22_00:42:18, configs/celeba/ResNet18pretrained_celeba_ft_subnet_inherit.yml, ResNet18_pretrained_celeba_ft_subnet_inherit, 128,0.01,cosine_lr,0.1, logistic,0.0,dp,0.92, 0.13, 0.92, 0.13, 0.94, 0.14
10-21-22_00:50:42, configs/celeba/ResNet18pretrained_celeba_ft_subnet_inherit.yml, ResNet18_pretrained_celeba_ft_subnet_inherit, 128,0.01,cosine_lr,0.1, logistic,0.06,dp,0.92, 0.10, 0.93, 0.10, 0.94, 0.11
10-21-22_00:59:09, configs/celeba/ResNet18pretrained_celeba_ft_subnet_inherit.yml, ResNet18_pretrained_celeba_ft_subnet_inherit, 128,0.01,cosine_lr,0.1, logistic,0.12,dp,0.92, 0.07, 0.92, 0.10, 0.94, 0.08
10-21-22_01:07:42, configs/celeba/ResNet18pretrained_celeba_ft_subnet_inherit.yml, ResNet18_pretrained_celeba_ft_subnet_inherit, 128,0.01,cosine_lr,0.1, logistic,0.18,dp,0.90, 0.01, 0.91, 0.05, 0.93, 0.05
10-21-22_01:16:05, configs/celeba/ResNet18pretrained_celeba_ft_subnet_inherit.yml, ResNet18_pretrained_celeba_ft_subnet_inherit, 128,0.01,cosine_lr,0.1, logistic,0.24,dp,0.87, -0.08, 0.89, -0.03, 0.91, 0.00
10-21-22_01:24:36, configs/celeba/ResNet18pretrained_celeba_ft_subnet_inherit.yml, ResNet18_pretrained_celeba_ft_subnet_inherit, 128,0.01,cosine_lr,0.1, logistic,0.3,dp,0.89, -0.05, 0.89, -0.05, 0.89, -0.06
10-21-22_01:32:58, configs/celeba/ResNet18pretrained_celeba_ft_subnet_inherit.yml, ResNet18_pretrained_celeba_ft_subnet_inherit, 128,0.01,cosine_lr,0.1, logistic,0.36,dp,0.80, -0.27, 0.80, -0.27, 0.85, -0.17
10-21-22_01:41:22, configs/celeba/ResNet18pretrained_celeba_ft_subnet_inherit.yml, ResNet18_pretrained_celeba_ft_subnet_inherit, 128,0.01,cosine_lr,0.4, logistic,0.0,dp,0.93, 0.13, 0.93, 0.13, 0.94, 0.14
10-21-22_01:49:52, configs/celeba/ResNet18pretrained_celeba_ft_subnet_inherit.yml, ResNet18_pretrained_celeba_ft_subnet_inherit, 128,0.01,cosine_lr,0.4, logistic,0.06,dp,0.93, 0.10, 0.93, 0.10, 0.94, 0.11
10-21-22_01:58:22, configs/celeba/ResNet18pretrained_celeba_ft_subnet_inherit.yml, ResNet18_pretrained_celeba_ft_subnet_inherit, 128,0.01,cosine_lr,0.4, logistic,0.12,dp,0.92, 0.06, 0.93, 0.09, 0.93, 0.08
10-21-22_02:06:57, configs/celeba/ResNet18pretrained_celeba_ft_subnet_inherit.yml, ResNet18_pretrained_celeba_ft_subnet_inherit, 128,0.01,cosine_lr,0.4, logistic,0.18,dp,0.90, 0.00, 0.91, 0.05, 0.93, 0.04
10-21-22_02:15:25, configs/celeba/ResNet18pretrained_celeba_ft_subnet_inherit.yml, ResNet18_pretrained_celeba_ft_subnet_inherit, 128,0.01,cosine_lr,0.4, logistic,0.24,dp,0.90, 0.01, 0.90, 0.01, 0.91, -0.01
10-21-22_02:23:56, configs/celeba/ResNet18pretrained_celeba_ft_subnet_inherit.yml, ResNet18_pretrained_celeba_ft_subnet_inherit, 128,0.01,cosine_lr,0.4, logistic,0.3,dp,0.87, -0.09, 0.87, -0.09, 0.88, -0.07
10-21-22_02:32:22, configs/celeba/ResNet18pretrained_celeba_ft_subnet_inherit.yml, ResNet18_pretrained_celeba_ft_subnet_inherit, 128,0.01,cosine_lr,0.4, logistic,0.36,dp,0.84, -0.16, 0.84, -0.16, 0.84, -0.18
10-21-22_02:40:57, configs/celeba/ResNet18pretrained_celeba_ft_subnet_inherit.yml, ResNet18_pretrained_celeba_ft_subnet_inherit, 128,0.01,cosine_lr,0.8, logistic,0.0,dp,0.93, 0.15, 0.93, 0.15, 0.94, 0.14
10-21-22_02:49:33, configs/celeba/ResNet18pretrained_celeba_ft_subnet_inherit.yml, ResNet18_pretrained_celeba_ft_subnet_inherit, 128,0.01,cosine_lr,0.8, logistic,0.06,dp,0.93, 0.11, 0.93, 0.11, 0.94, 0.11
10-21-22_02:57:59, configs/celeba/ResNet18pretrained_celeba_ft_subnet_inherit.yml, ResNet18_pretrained_celeba_ft_subnet_inherit, 128,0.01,cosine_lr,0.8, logistic,0.12,dp,0.92, 0.07, 0.92, 0.06, 0.93, 0.08
10-21-22_03:06:24, configs/celeba/ResNet18pretrained_celeba_ft_subnet_inherit.yml, ResNet18_pretrained_celeba_ft_subnet_inherit, 128,0.01,cosine_lr,0.8, logistic,0.18,dp,0.91, 0.02, 0.92, 0.04, 0.93, 0.04
10-21-22_03:14:56, configs/celeba/ResNet18pretrained_celeba_ft_subnet_inherit.yml, ResNet18_pretrained_celeba_ft_subnet_inherit, 128,0.01,cosine_lr,0.8, logistic,0.24,dp,0.90, -0.02, 0.90, -0.02, 0.91, -0.01
10-21-22_03:23:19, configs/celeba/ResNet18pretrained_celeba_ft_subnet_inherit.yml, ResNet18_pretrained_celeba_ft_subnet_inherit, 128,0.01,cosine_lr,0.8, logistic,0.3,dp,0.87, -0.09, 0.89, -0.04, 0.88, -0.09
10-21-22_03:31:46, configs/celeba/ResNet18pretrained_celeba_ft_subnet_inherit.yml, ResNet18_pretrained_celeba_ft_subnet_inherit, 128,0.01,cosine_lr,0.8, logistic,0.36,dp,0.80, -0.27, 0.86, -0.11, 0.84, -0.19
10-21-22_03:40:16, configs/celeba/ResNet18pretrained_celeba_ft_subnet_inherit.yml, ResNet18_pretrained_celeba_ft_subnet_inherit, 128,0.01,cosine_lr,0.95, logistic,0.0,dp,0.92, 0.14, 0.93, 0.15, 0.94, 0.14
10-21-22_03:48:48, configs/celeba/ResNet18pretrained_celeba_ft_subnet_inherit.yml, ResNet18_pretrained_celeba_ft_subnet_inherit, 128,0.01,cosine_lr,0.95, logistic,0.06,dp,0.93, 0.10, 0.93, 0.10, 0.94, 0.11
10-21-22_03:57:18, configs/celeba/ResNet18pretrained_celeba_ft_subnet_inherit.yml, ResNet18_pretrained_celeba_ft_subnet_inherit, 128,0.01,cosine_lr,0.95, logistic,0.12,dp,0.92, 0.07, 0.92, 0.07, 0.94, 0.08
10-21-22_04:05:46, configs/celeba/ResNet18pretrained_celeba_ft_subnet_inherit.yml, ResNet18_pretrained_celeba_ft_subnet_inherit, 128,0.01,cosine_lr,0.95, logistic,0.18,dp,0.92, 0.04, 0.92, 0.04, 0.92, 0.04
10-21-22_04:14:10, configs/celeba/ResNet18pretrained_celeba_ft_subnet_inherit.yml, ResNet18_pretrained_celeba_ft_subnet_inherit, 128,0.01,cosine_lr,0.95, logistic,0.24,dp,0.91, 0.01, 0.91, 0.01, 0.91, -0.02
10-21-22_04:22:35, configs/celeba/ResNet18pretrained_celeba_ft_subnet_inherit.yml, ResNet18_pretrained_celeba_ft_subnet_inherit, 128,0.01,cosine_lr,0.95, logistic,0.3,dp,0.88, -0.07, 0.88, -0.05, 0.88, -0.08
10-21-22_04:31:09, configs/celeba/ResNet18pretrained_celeba_ft_subnet_inherit.yml, ResNet18_pretrained_celeba_ft_subnet_inherit, 128,0.01,cosine_lr,0.95, logistic,0.36,dp,0.84, -0.16, 0.84, -0.15, 0.84, -0.18
11-01-22_15:41:14, configs/celeba/ResNet18pretrained_celeba_ft_subnet_inherit.yml, ResNet18_pretrained_celeba_ft_subnet_inherit, 128,0.01,cosine_lr,0.001, logistic,0.0,dp,0.76, 0.15, 0.79, 0.17, 0.77, 0.15
