Date Finished, Base Config, Name, Batch Size,Learning Rate,LR Policy,Prune Rate, fair Regularization,lam fair,fair type,Current Val Top 1, Current Val Unfairness, Best Val Top 1, Best Val Unfairness, Best Train Top 1, Best Train Unfairness
07-04-22_15:44:20, configs/celeba/ResNet18sparse_celeba_unc.yml, ResNet18_sparse_celeba_unc, 128,0.01,cosine_lr,0.95, logistic,0.06,dp,0.48, 0.00, 0.48, 0.00, 0.48, 0.00
07-04-22_15:58:48, configs/celeba/ResNet18sparse_celeba_unc.yml, ResNet18_sparse_celeba_unc, 128,0.01,cosine_lr,0.95, logistic,0.12,dp,0.48, 0.00, 0.48, 0.00, 0.48, 0.00
07-04-22_16:13:09, configs/celeba/ResNet18sparse_celeba_unc.yml, ResNet18_sparse_celeba_unc, 128,0.01,cosine_lr,0.95, logistic,0.18,dp,0.48, 0.00, 0.48, 0.00, 0.48, 0.00
07-04-22_16:27:27, configs/celeba/ResNet18sparse_celeba_unc.yml, ResNet18_sparse_celeba_unc, 128,0.01,cosine_lr,0.95, logistic,0.24,dp,0.48, 0.00, 0.48, 0.00, 0.48, 0.00
07-05-22_03:34:55, configs/celeba/ResNet18sparse_celeba_unc.yml, ResNet18_sparse_celeba_unc, 128,0.01,cosine_lr,0.05, logistic,0.0,dp,0.48, 0.00, 0.48, 0.00, 0.48, 0.00
07-05-22_03:43:11, configs/celeba/ResNet18sparse_celeba_unc.yml, ResNet18_sparse_celeba_unc, 128,0.01,cosine_lr,0.05, logistic,0.06,dp,0.48, 0.00, 0.48, 0.00, 0.48, 0.00
07-05-22_03:51:24, configs/celeba/ResNet18sparse_celeba_unc.yml, ResNet18_sparse_celeba_unc, 128,0.01,cosine_lr,0.05, logistic,0.12,dp,0.48, 0.00, 0.48, 0.00, 0.48, 0.00
07-05-22_03:59:48, configs/celeba/ResNet18sparse_celeba_unc.yml, ResNet18_sparse_celeba_unc, 128,0.01,cosine_lr,0.05, logistic,0.18,dp,0.48, 0.00, 0.48, 0.00, 0.48, 0.00
07-05-22_04:07:55, configs/celeba/ResNet18sparse_celeba_unc.yml, ResNet18_sparse_celeba_unc, 128,0.01,cosine_lr,0.05, logistic,0.24,dp,0.48, 0.00, 0.48, 0.00, 0.48, 0.00
07-05-22_04:16:23, configs/celeba/ResNet18sparse_celeba_unc.yml, ResNet18_sparse_celeba_unc, 128,0.01,cosine_lr,0.1, logistic,0.0,dp,0.48, 0.00, 0.48, 0.00, 0.48, 0.00
07-05-22_04:24:44, configs/celeba/ResNet18sparse_celeba_unc.yml, ResNet18_sparse_celeba_unc, 128,0.01,cosine_lr,0.1, logistic,0.06,dp,0.48, 0.00, 0.48, 0.00, 0.48, 0.00
07-05-22_04:32:51, configs/celeba/ResNet18sparse_celeba_unc.yml, ResNet18_sparse_celeba_unc, 128,0.01,cosine_lr,0.1, logistic,0.12,dp,0.48, 0.00, 0.48, 0.00, 0.48, 0.00
07-05-22_04:41:13, configs/celeba/ResNet18sparse_celeba_unc.yml, ResNet18_sparse_celeba_unc, 128,0.01,cosine_lr,0.1, logistic,0.18,dp,0.48, 0.00, 0.48, 0.00, 0.48, 0.00
07-05-22_04:49:29, configs/celeba/ResNet18sparse_celeba_unc.yml, ResNet18_sparse_celeba_unc, 128,0.01,cosine_lr,0.1, logistic,0.24,dp,0.48, 0.00, 0.48, 0.00, 0.48, 0.00
07-05-22_04:57:44, configs/celeba/ResNet18sparse_celeba_unc.yml, ResNet18_sparse_celeba_unc, 128,0.01,cosine_lr,0.4, logistic,0.0,dp,0.48, 0.00, 0.48, 0.00, 0.48, 0.00
07-05-22_05:05:56, configs/celeba/ResNet18sparse_celeba_unc.yml, ResNet18_sparse_celeba_unc, 128,0.01,cosine_lr,0.4, logistic,0.06,dp,0.48, 0.00, 0.48, 0.00, 0.48, 0.00
07-05-22_05:14:18, configs/celeba/ResNet18sparse_celeba_unc.yml, ResNet18_sparse_celeba_unc, 128,0.01,cosine_lr,0.4, logistic,0.12,dp,0.48, 0.00, 0.48, 0.00, 0.48, 0.00
07-05-22_05:22:41, configs/celeba/ResNet18sparse_celeba_unc.yml, ResNet18_sparse_celeba_unc, 128,0.01,cosine_lr,0.4, logistic,0.18,dp,0.48, 0.00, 0.48, 0.00, 0.48, 0.00
07-05-22_05:30:55, configs/celeba/ResNet18sparse_celeba_unc.yml, ResNet18_sparse_celeba_unc, 128,0.01,cosine_lr,0.4, logistic,0.24,dp,0.48, 0.00, 0.48, 0.00, 0.48, 0.00
07-05-22_05:39:05, configs/celeba/ResNet18sparse_celeba_unc.yml, ResNet18_sparse_celeba_unc, 128,0.01,cosine_lr,0.8, logistic,0.0,dp,0.48, 0.00, 0.48, 0.00, 0.48, 0.00
07-05-22_05:47:27, configs/celeba/ResNet18sparse_celeba_unc.yml, ResNet18_sparse_celeba_unc, 128,0.01,cosine_lr,0.8, logistic,0.06,dp,0.48, 0.00, 0.48, 0.00, 0.48, 0.00
07-05-22_05:55:54, configs/celeba/ResNet18sparse_celeba_unc.yml, ResNet18_sparse_celeba_unc, 128,0.01,cosine_lr,0.8, logistic,0.12,dp,0.48, 0.00, 0.48, 0.00, 0.48, 0.00
07-05-22_06:04:19, configs/celeba/ResNet18sparse_celeba_unc.yml, ResNet18_sparse_celeba_unc, 128,0.01,cosine_lr,0.8, logistic,0.18,dp,0.48, 0.00, 0.48, 0.00, 0.48, 0.00
07-05-22_06:12:51, configs/celeba/ResNet18sparse_celeba_unc.yml, ResNet18_sparse_celeba_unc, 128,0.01,cosine_lr,0.8, logistic,0.24,dp,0.48, 0.00, 0.48, 0.00, 0.48, 0.00
07-05-22_06:21:11, configs/celeba/ResNet18sparse_celeba_unc.yml, ResNet18_sparse_celeba_unc, 128,0.01,cosine_lr,0.95, logistic,0.0,dp,0.48, 0.00, 0.48, 0.00, 0.48, 0.00
07-05-22_06:29:27, configs/celeba/ResNet18sparse_celeba_unc.yml, ResNet18_sparse_celeba_unc, 128,0.01,cosine_lr,0.95, logistic,0.06,dp,0.48, 0.00, 0.48, 0.00, 0.48, 0.00
07-05-22_06:37:55, configs/celeba/ResNet18sparse_celeba_unc.yml, ResNet18_sparse_celeba_unc, 128,0.01,cosine_lr,0.95, logistic,0.12,dp,0.48, 0.00, 0.48, 0.00, 0.48, 0.00
07-05-22_06:46:14, configs/celeba/ResNet18sparse_celeba_unc.yml, ResNet18_sparse_celeba_unc, 128,0.01,cosine_lr,0.95, logistic,0.18,dp,0.48, 0.00, 0.48, 0.00, 0.48, 0.00
07-05-22_06:54:29, configs/celeba/ResNet18sparse_celeba_unc.yml, ResNet18_sparse_celeba_unc, 128,0.01,cosine_lr,0.95, logistic,0.24,dp,0.48, 0.00, 0.48, 0.00, 0.48, 0.00
07-15-22_01:10:17, configs/celeba/ResNet18sparse_celeba_unc.yml, ResNet18_sparse_celeba_unc, 128,0.01,cosine_lr,0.05, logistic,0.0,dp,0.48, 0.00, 0.48, 0.00, 0.48, 0.00
07-15-22_01:20:36, configs/celeba/ResNet18sparse_celeba_unc.yml, ResNet18_sparse_celeba_unc, 128,0.01,cosine_lr,0.05, logistic,0.06,dp,0.48, 0.00, 0.48, 0.00, 0.48, 0.00
07-15-22_01:31:46, configs/celeba/ResNet18sparse_celeba_unc.yml, ResNet18_sparse_celeba_unc, 128,0.01,cosine_lr,0.05, logistic,0.12,dp,0.48, 0.00, 0.48, 0.00, 0.48, 0.00
07-15-22_01:43:01, configs/celeba/ResNet18sparse_celeba_unc.yml, ResNet18_sparse_celeba_unc, 128,0.01,cosine_lr,0.05, logistic,0.18,dp,0.48, 0.00, 0.48, 0.00, 0.48, 0.00
07-15-22_01:54:07, configs/celeba/ResNet18sparse_celeba_unc.yml, ResNet18_sparse_celeba_unc, 128,0.01,cosine_lr,0.05, logistic,0.24,dp,0.48, 0.00, 0.48, 0.00, 0.48, 0.00
07-15-22_02:04:24, configs/celeba/ResNet18sparse_celeba_unc.yml, ResNet18_sparse_celeba_unc, 128,0.01,cosine_lr,0.1, logistic,0.0,dp,0.48, 0.00, 0.48, 0.00, 0.48, 0.00
07-15-22_02:15:25, configs/celeba/ResNet18sparse_celeba_unc.yml, ResNet18_sparse_celeba_unc, 128,0.01,cosine_lr,0.1, logistic,0.06,dp,0.48, 0.00, 0.48, 0.00, 0.48, 0.00
07-15-22_02:26:40, configs/celeba/ResNet18sparse_celeba_unc.yml, ResNet18_sparse_celeba_unc, 128,0.01,cosine_lr,0.1, logistic,0.12,dp,0.48, 0.00, 0.48, 0.00, 0.48, 0.00
07-15-22_02:37:56, configs/celeba/ResNet18sparse_celeba_unc.yml, ResNet18_sparse_celeba_unc, 128,0.01,cosine_lr,0.1, logistic,0.18,dp,0.48, 0.00, 0.48, 0.00, 0.48, 0.00
07-15-22_02:49:08, configs/celeba/ResNet18sparse_celeba_unc.yml, ResNet18_sparse_celeba_unc, 128,0.01,cosine_lr,0.1, logistic,0.24,dp,0.48, 0.00, 0.48, 0.00, 0.48, 0.00
07-15-22_03:00:23, configs/celeba/ResNet18sparse_celeba_unc.yml, ResNet18_sparse_celeba_unc, 128,0.01,cosine_lr,0.4, logistic,0.0,dp,0.48, 0.00, 0.48, 0.00, 0.48, 0.00
07-15-22_03:11:37, configs/celeba/ResNet18sparse_celeba_unc.yml, ResNet18_sparse_celeba_unc, 128,0.01,cosine_lr,0.4, logistic,0.06,dp,0.48, 0.00, 0.48, 0.00, 0.48, 0.00
07-15-22_03:22:52, configs/celeba/ResNet18sparse_celeba_unc.yml, ResNet18_sparse_celeba_unc, 128,0.01,cosine_lr,0.4, logistic,0.12,dp,0.48, 0.00, 0.48, 0.00, 0.48, 0.00
07-15-22_03:34:11, configs/celeba/ResNet18sparse_celeba_unc.yml, ResNet18_sparse_celeba_unc, 128,0.01,cosine_lr,0.4, logistic,0.18,dp,0.48, 0.00, 0.48, 0.00, 0.48, 0.00
07-15-22_03:45:24, configs/celeba/ResNet18sparse_celeba_unc.yml, ResNet18_sparse_celeba_unc, 128,0.01,cosine_lr,0.4, logistic,0.24,dp,0.48, 0.00, 0.48, 0.00, 0.48, 0.00
07-15-22_03:56:38, configs/celeba/ResNet18sparse_celeba_unc.yml, ResNet18_sparse_celeba_unc, 128,0.01,cosine_lr,0.8, logistic,0.0,dp,0.48, 0.00, 0.48, 0.00, 0.48, 0.00
07-15-22_04:07:52, configs/celeba/ResNet18sparse_celeba_unc.yml, ResNet18_sparse_celeba_unc, 128,0.01,cosine_lr,0.8, logistic,0.06,dp,0.48, 0.00, 0.48, 0.00, 0.48, 0.00
07-15-22_04:19:08, configs/celeba/ResNet18sparse_celeba_unc.yml, ResNet18_sparse_celeba_unc, 128,0.01,cosine_lr,0.8, logistic,0.12,dp,0.48, 0.00, 0.48, 0.00, 0.48, 0.00
07-15-22_04:30:20, configs/celeba/ResNet18sparse_celeba_unc.yml, ResNet18_sparse_celeba_unc, 128,0.01,cosine_lr,0.8, logistic,0.18,dp,0.48, 0.00, 0.48, 0.00, 0.48, 0.00
07-15-22_04:41:35, configs/celeba/ResNet18sparse_celeba_unc.yml, ResNet18_sparse_celeba_unc, 128,0.01,cosine_lr,0.8, logistic,0.24,dp,0.48, 0.00, 0.48, 0.00, 0.48, 0.00
07-15-22_04:52:49, configs/celeba/ResNet18sparse_celeba_unc.yml, ResNet18_sparse_celeba_unc, 128,0.01,cosine_lr,0.95, logistic,0.0,dp,0.48, 0.00, 0.48, 0.00, 0.48, 0.00
07-15-22_05:04:00, configs/celeba/ResNet18sparse_celeba_unc.yml, ResNet18_sparse_celeba_unc, 128,0.01,cosine_lr,0.95, logistic,0.06,dp,0.48, 0.00, 0.48, 0.00, 0.48, 0.00
07-15-22_05:15:13, configs/celeba/ResNet18sparse_celeba_unc.yml, ResNet18_sparse_celeba_unc, 128,0.01,cosine_lr,0.95, logistic,0.12,dp,0.48, 0.00, 0.48, 0.00, 0.48, 0.00
07-15-22_05:26:24, configs/celeba/ResNet18sparse_celeba_unc.yml, ResNet18_sparse_celeba_unc, 128,0.01,cosine_lr,0.95, logistic,0.18,dp,0.48, 0.00, 0.48, 0.00, 0.48, 0.00
07-15-22_05:37:37, configs/celeba/ResNet18sparse_celeba_unc.yml, ResNet18_sparse_celeba_unc, 128,0.01,cosine_lr,0.95, logistic,0.24,dp,0.48, 0.00, 0.48, 0.00, 0.48, 0.00
07-19-22_15:21:12, configs/celeba/ResNet18sparse_celeba_unc.yml, ResNet18_sparse_celeba_unc, 128,0.01,cosine_lr,0.005, logistic,0.0,dp,0.48, 0.00, 0.48, 0.00, 0.48, 0.00
07-19-22_15:31:32, configs/celeba/ResNet18sparse_celeba_unc.yml, ResNet18_sparse_celeba_unc, 128,0.01,cosine_lr,0.005, logistic,0.06,dp,0.48, 0.00, 0.48, 0.00, 0.48, 0.00
07-19-22_15:41:47, configs/celeba/ResNet18sparse_celeba_unc.yml, ResNet18_sparse_celeba_unc, 128,0.01,cosine_lr,0.005, logistic,0.12,dp,0.48, 0.00, 0.48, 0.00, 0.48, 0.00
07-19-22_15:51:53, configs/celeba/ResNet18sparse_celeba_unc.yml, ResNet18_sparse_celeba_unc, 128,0.01,cosine_lr,0.005, logistic,0.18,dp,0.48, 0.00, 0.48, 0.00, 0.48, 0.00
07-19-22_16:02:19, configs/celeba/ResNet18sparse_celeba_unc.yml, ResNet18_sparse_celeba_unc, 128,0.01,cosine_lr,0.005, logistic,0.24,dp,0.48, 0.00, 0.48, 0.00, 0.48, 0.00
07-19-22_16:12:21, configs/celeba/ResNet18sparse_celeba_unc.yml, ResNet18_sparse_celeba_unc, 128,0.01,cosine_lr,0.001, logistic,0.0,dp,0.48, 0.00, 0.48, 0.00, 0.48, 0.00
07-19-22_16:22:34, configs/celeba/ResNet18sparse_celeba_unc.yml, ResNet18_sparse_celeba_unc, 128,0.01,cosine_lr,0.001, logistic,0.06,dp,0.48, 0.00, 0.48, 0.00, 0.48, 0.00
07-19-22_16:32:33, configs/celeba/ResNet18sparse_celeba_unc.yml, ResNet18_sparse_celeba_unc, 128,0.01,cosine_lr,0.001, logistic,0.12,dp,0.48, 0.00, 0.48, 0.00, 0.48, 0.00
07-19-22_16:42:47, configs/celeba/ResNet18sparse_celeba_unc.yml, ResNet18_sparse_celeba_unc, 128,0.01,cosine_lr,0.001, logistic,0.18,dp,0.48, 0.00, 0.48, 0.00, 0.48, 0.00
07-19-22_16:52:48, configs/celeba/ResNet18sparse_celeba_unc.yml, ResNet18_sparse_celeba_unc, 128,0.01,cosine_lr,0.001, logistic,0.24,dp,0.48, 0.00, 0.48, 0.00, 0.48, 0.00
