Date Finished, Base Config, Name, Batch Size,Learning Rate,LR Policy,Prune Rate, fair Regularization,lam fair,fair type,Current Val Top 1, Current Val Unfairness, Best Val Top 1, Best Val Unfairness, Best Train Top 1, Best Train Unfairness
08-10-22_01:41:39, configs/celeba/ResNet18sparse_celeba.yml, ResNet18__sparse_celeba_sc_row, 128,0.01,cosine_lr,0.05, logistic,0.0,dp,0.90, 0.14, 0.90, 0.14, 0.90, 0.14
08-10-22_01:50:18, configs/celeba/ResNet18sparse_celeba.yml, ResNet18__sparse_celeba_sc_row, 128,0.01,cosine_lr,0.05, logistic,0.06,dp,0.89, 0.08, 0.89, 0.08, 0.90, 0.09
08-10-22_02:04:17, configs/celeba/ResNet18sparse_celeba.yml, ResNet18__sparse_celeba_sc_row, 128,0.01,cosine_lr,0.05, logistic,0.12,dp,0.89, 0.04, 0.89, 0.04, 0.89, 0.03
08-10-22_02:18:06, configs/celeba/ResNet18sparse_celeba.yml, ResNet18__sparse_celeba_sc_row, 128,0.01,cosine_lr,0.05, logistic,0.18,dp,0.87, -0.03, 0.87, -0.03, 0.87, -0.03
08-10-22_02:31:53, configs/celeba/ResNet18sparse_celeba.yml, ResNet18__sparse_celeba_sc_row, 128,0.01,cosine_lr,0.05, logistic,0.24,dp,0.85, -0.08, 0.85, -0.08, 0.85, -0.10
08-10-22_02:45:58, configs/celeba/ResNet18sparse_celeba.yml, ResNet18__sparse_celeba_sc_row, 128,0.01,cosine_lr,0.1, logistic,0.0,dp,0.91, 0.14, 0.91, 0.14, 0.91, 0.14
08-10-22_02:59:53, configs/celeba/ResNet18sparse_celeba.yml, ResNet18__sparse_celeba_sc_row, 128,0.01,cosine_lr,0.1, logistic,0.06,dp,0.91, 0.10, 0.91, 0.10, 0.90, 0.09
08-10-22_03:13:44, configs/celeba/ResNet18sparse_celeba.yml, ResNet18__sparse_celeba_sc_row, 128,0.01,cosine_lr,0.1, logistic,0.12,dp,0.89, 0.02, 0.89, 0.02, 0.89, 0.03
08-10-22_03:27:32, configs/celeba/ResNet18sparse_celeba.yml, ResNet18__sparse_celeba_sc_row, 128,0.01,cosine_lr,0.1, logistic,0.18,dp,0.86, -0.05, 0.86, -0.05, 0.87, -0.04
08-10-22_03:41:21, configs/celeba/ResNet18sparse_celeba.yml, ResNet18__sparse_celeba_sc_row, 128,0.01,cosine_lr,0.1, logistic,0.24,dp,0.85, -0.09, 0.85, -0.09, 0.85, -0.10
08-10-22_03:55:06, configs/celeba/ResNet18sparse_celeba.yml, ResNet18__sparse_celeba_sc_row, 128,0.01,cosine_lr,0.4, logistic,0.0,dp,0.91, 0.14, 0.91, 0.14, 0.90, 0.14
08-10-22_04:09:02, configs/celeba/ResNet18sparse_celeba.yml, ResNet18__sparse_celeba_sc_row, 128,0.01,cosine_lr,0.4, logistic,0.06,dp,0.90, 0.08, 0.90, 0.08, 0.89, 0.08
08-10-22_04:23:00, configs/celeba/ResNet18sparse_celeba.yml, ResNet18__sparse_celeba_sc_row, 128,0.01,cosine_lr,0.4, logistic,0.12,dp,0.87, 0.01, 0.89, 0.03, 0.88, 0.01
08-10-22_04:37:02, configs/celeba/ResNet18sparse_celeba.yml, ResNet18__sparse_celeba_sc_row, 128,0.01,cosine_lr,0.4, logistic,0.18,dp,0.87, -0.04, 0.87, -0.04, 0.86, -0.05
08-10-22_04:50:54, configs/celeba/ResNet18sparse_celeba.yml, ResNet18__sparse_celeba_sc_row, 128,0.01,cosine_lr,0.4, logistic,0.24,dp,0.83, -0.10, 0.83, -0.10, 0.83, -0.12
08-10-22_05:04:47, configs/celeba/ResNet18sparse_celeba.yml, ResNet18__sparse_celeba_sc_row, 128,0.01,cosine_lr,0.8, logistic,0.0,dp,0.90, 0.15, 0.90, 0.15, 0.89, 0.14
08-10-22_05:18:41, configs/celeba/ResNet18sparse_celeba.yml, ResNet18__sparse_celeba_sc_row, 128,0.01,cosine_lr,0.8, logistic,0.06,dp,0.88, 0.08, 0.88, 0.08, 0.88, 0.07
08-10-22_05:32:39, configs/celeba/ResNet18sparse_celeba.yml, ResNet18__sparse_celeba_sc_row, 128,0.01,cosine_lr,0.8, logistic,0.12,dp,0.86, 0.01, 0.86, 0.01, 0.87, 0.01
08-10-22_05:46:34, configs/celeba/ResNet18sparse_celeba.yml, ResNet18__sparse_celeba_sc_row, 128,0.01,cosine_lr,0.8, logistic,0.18,dp,0.85, -0.04, 0.85, -0.04, 0.85, -0.05
08-10-22_06:00:29, configs/celeba/ResNet18sparse_celeba.yml, ResNet18__sparse_celeba_sc_row, 128,0.01,cosine_lr,0.8, logistic,0.24,dp,0.83, -0.12, 0.83, -0.12, 0.83, -0.11
08-10-22_06:14:26, configs/celeba/ResNet18sparse_celeba.yml, ResNet18__sparse_celeba_sc_row, 128,0.01,cosine_lr,0.95, logistic,0.0,dp,0.89, 0.14, 0.89, 0.14, 0.88, 0.14
08-10-22_06:28:24, configs/celeba/ResNet18sparse_celeba.yml, ResNet18__sparse_celeba_sc_row, 128,0.01,cosine_lr,0.95, logistic,0.06,dp,0.87, 0.07, 0.87, 0.07, 0.86, 0.07
08-10-22_06:42:22, configs/celeba/ResNet18sparse_celeba.yml, ResNet18__sparse_celeba_sc_row, 128,0.01,cosine_lr,0.95, logistic,0.12,dp,0.86, 0.01, 0.86, 0.01, 0.86, 0.01
08-10-22_06:56:16, configs/celeba/ResNet18sparse_celeba.yml, ResNet18__sparse_celeba_sc_row, 128,0.01,cosine_lr,0.95, logistic,0.18,dp,0.83, -0.08, 0.83, -0.08, 0.84, -0.06
08-10-22_07:10:20, configs/celeba/ResNet18sparse_celeba.yml, ResNet18__sparse_celeba_sc_row, 128,0.01,cosine_lr,0.95, logistic,0.24,dp,0.82, -0.13, 0.82, -0.13, 0.81, -0.13
08-10-22_07:24:31, configs/celeba/ResNet18sparse_celeba.yml, ResNet18__sparse_celeba_sc_row, 128,0.01,cosine_lr,0.05, logistic,0.0,dp,0.89, 0.18, 0.90, 0.15, 0.90, 0.14
08-10-22_07:38:57, configs/celeba/ResNet18sparse_celeba.yml, ResNet18__sparse_celeba_sc_row, 128,0.01,cosine_lr,0.05, logistic,0.06,dp,0.90, 0.10, 0.90, 0.10, 0.90, 0.09
08-10-22_07:53:08, configs/celeba/ResNet18sparse_celeba.yml, ResNet18__sparse_celeba_sc_row, 128,0.01,cosine_lr,0.05, logistic,0.12,dp,0.89, 0.01, 0.89, 0.01, 0.89, 0.04
08-10-22_08:07:17, configs/celeba/ResNet18sparse_celeba.yml, ResNet18__sparse_celeba_sc_row, 128,0.01,cosine_lr,0.05, logistic,0.18,dp,0.86, -0.04, 0.86, -0.04, 0.87, -0.02
08-10-22_08:21:31, configs/celeba/ResNet18sparse_celeba.yml, ResNet18__sparse_celeba_sc_row, 128,0.01,cosine_lr,0.05, logistic,0.24,dp,0.85, -0.10, 0.85, -0.10, 0.85, -0.10
08-10-22_08:35:49, configs/celeba/ResNet18sparse_celeba.yml, ResNet18__sparse_celeba_sc_row, 128,0.01,cosine_lr,0.1, logistic,0.0,dp,0.90, 0.14, 0.90, 0.14, 0.91, 0.14
08-10-22_08:50:11, configs/celeba/ResNet18sparse_celeba.yml, ResNet18__sparse_celeba_sc_row, 128,0.01,cosine_lr,0.1, logistic,0.06,dp,0.89, 0.09, 0.89, 0.06, 0.90, 0.08
08-10-22_09:04:32, configs/celeba/ResNet18sparse_celeba.yml, ResNet18__sparse_celeba_sc_row, 128,0.01,cosine_lr,0.1, logistic,0.12,dp,0.89, 0.02, 0.89, 0.02, 0.89, 0.02
08-10-22_09:18:50, configs/celeba/ResNet18sparse_celeba.yml, ResNet18__sparse_celeba_sc_row, 128,0.01,cosine_lr,0.1, logistic,0.18,dp,0.87, -0.04, 0.87, -0.04, 0.87, -0.03
08-10-22_09:33:09, configs/celeba/ResNet18sparse_celeba.yml, ResNet18__sparse_celeba_sc_row, 128,0.01,cosine_lr,0.1, logistic,0.24,dp,0.86, -0.09, 0.86, -0.09, 0.85, -0.11
08-10-22_09:47:28, configs/celeba/ResNet18sparse_celeba.yml, ResNet18__sparse_celeba_sc_row, 128,0.01,cosine_lr,0.4, logistic,0.0,dp,0.91, 0.15, 0.91, 0.15, 0.90, 0.14
08-10-22_10:01:48, configs/celeba/ResNet18sparse_celeba.yml, ResNet18__sparse_celeba_sc_row, 128,0.01,cosine_lr,0.4, logistic,0.06,dp,0.89, 0.06, 0.89, 0.07, 0.89, 0.08
08-10-22_10:16:07, configs/celeba/ResNet18sparse_celeba.yml, ResNet18__sparse_celeba_sc_row, 128,0.01,cosine_lr,0.4, logistic,0.12,dp,0.87, 0.00, 0.88, 0.00, 0.88, 0.02
08-10-22_10:30:39, configs/celeba/ResNet18sparse_celeba.yml, ResNet18__sparse_celeba_sc_row, 128,0.01,cosine_lr,0.4, logistic,0.18,dp,0.87, -0.04, 0.87, -0.04, 0.86, -0.05
08-10-22_10:45:04, configs/celeba/ResNet18sparse_celeba.yml, ResNet18__sparse_celeba_sc_row, 128,0.01,cosine_lr,0.4, logistic,0.24,dp,0.83, -0.13, 0.83, -0.14, 0.83, -0.12
08-10-22_10:59:42, configs/celeba/ResNet18sparse_celeba.yml, ResNet18__sparse_celeba_sc_row, 128,0.01,cosine_lr,0.8, logistic,0.0,dp,0.90, 0.16, 0.90, 0.16, 0.89, 0.14
08-10-22_11:14:16, configs/celeba/ResNet18sparse_celeba.yml, ResNet18__sparse_celeba_sc_row, 128,0.01,cosine_lr,0.8, logistic,0.06,dp,0.88, 0.07, 0.88, 0.07, 0.88, 0.07
08-10-22_11:28:41, configs/celeba/ResNet18sparse_celeba.yml, ResNet18__sparse_celeba_sc_row, 128,0.01,cosine_lr,0.8, logistic,0.12,dp,0.87, -0.00, 0.87, -0.00, 0.86, 0.01
08-10-22_11:42:42, configs/celeba/ResNet18sparse_celeba.yml, ResNet18__sparse_celeba_sc_row, 128,0.01,cosine_lr,0.8, logistic,0.18,dp,0.84, -0.09, 0.84, -0.09, 0.84, -0.06
08-10-22_11:56:32, configs/celeba/ResNet18sparse_celeba.yml, ResNet18__sparse_celeba_sc_row, 128,0.01,cosine_lr,0.8, logistic,0.24,dp,0.83, -0.13, 0.83, -0.13, 0.82, -0.12
08-10-22_12:10:25, configs/celeba/ResNet18sparse_celeba.yml, ResNet18__sparse_celeba_sc_row, 128,0.01,cosine_lr,0.95, logistic,0.0,dp,0.88, 0.14, 0.88, 0.14, 0.88, 0.14
08-10-22_12:24:06, configs/celeba/ResNet18sparse_celeba.yml, ResNet18__sparse_celeba_sc_row, 128,0.01,cosine_lr,0.95, logistic,0.06,dp,0.88, 0.08, 0.88, 0.08, 0.87, 0.08
08-10-22_12:38:05, configs/celeba/ResNet18sparse_celeba.yml, ResNet18__sparse_celeba_sc_row, 128,0.01,cosine_lr,0.95, logistic,0.12,dp,0.86, 0.01, 0.86, 0.01, 0.86, 0.00
08-10-22_12:51:57, configs/celeba/ResNet18sparse_celeba.yml, ResNet18__sparse_celeba_sc_row, 128,0.01,cosine_lr,0.95, logistic,0.18,dp,0.84, -0.05, 0.84, -0.05, 0.84, -0.06
08-10-22_13:05:45, configs/celeba/ResNet18sparse_celeba.yml, ResNet18__sparse_celeba_sc_row, 128,0.01,cosine_lr,0.95, logistic,0.24,dp,0.81, -0.12, 0.81, -0.12, 0.81, -0.12
08-10-22_13:19:39, configs/celeba/ResNet18sparse_celeba.yml, ResNet18__sparse_celeba_sc_row, 128,0.01,cosine_lr,0.05, logistic,0.0,dp,0.88, 0.10, 0.88, 0.10, 0.90, 0.14
08-10-22_13:33:25, configs/celeba/ResNet18sparse_celeba.yml, ResNet18__sparse_celeba_sc_row, 128,0.01,cosine_lr,0.05, logistic,0.06,dp,0.89, 0.08, 0.89, 0.08, 0.90, 0.09
08-10-22_13:47:13, configs/celeba/ResNet18sparse_celeba.yml, ResNet18__sparse_celeba_sc_row, 128,0.01,cosine_lr,0.05, logistic,0.12,dp,0.88, 0.05, 0.88, 0.05, 0.89, 0.04
08-10-22_14:01:01, configs/celeba/ResNet18sparse_celeba.yml, ResNet18__sparse_celeba_sc_row, 128,0.01,cosine_lr,0.05, logistic,0.18,dp,0.86, -0.02, 0.86, -0.02, 0.87, -0.04
08-10-22_14:14:41, configs/celeba/ResNet18sparse_celeba.yml, ResNet18__sparse_celeba_sc_row, 128,0.01,cosine_lr,0.05, logistic,0.24,dp,0.82, -0.05, 0.84, -0.06, 0.85, -0.10
08-10-22_14:28:34, configs/celeba/ResNet18sparse_celeba.yml, ResNet18__sparse_celeba_sc_row, 128,0.01,cosine_lr,0.1, logistic,0.0,dp,0.91, 0.14, 0.91, 0.14, 0.91, 0.14
08-10-22_14:42:44, configs/celeba/ResNet18sparse_celeba.yml, ResNet18__sparse_celeba_sc_row, 128,0.01,cosine_lr,0.1, logistic,0.06,dp,0.91, 0.09, 0.91, 0.09, 0.90, 0.09
08-10-22_14:56:57, configs/celeba/ResNet18sparse_celeba.yml, ResNet18__sparse_celeba_sc_row, 128,0.01,cosine_lr,0.1, logistic,0.12,dp,0.89, 0.02, 0.89, 0.02, 0.89, 0.03
08-10-22_15:11:08, configs/celeba/ResNet18sparse_celeba.yml, ResNet18__sparse_celeba_sc_row, 128,0.01,cosine_lr,0.1, logistic,0.18,dp,0.88, -0.03, 0.88, -0.03, 0.87, -0.04
08-10-22_15:25:24, configs/celeba/ResNet18sparse_celeba.yml, ResNet18__sparse_celeba_sc_row, 128,0.01,cosine_lr,0.1, logistic,0.24,dp,0.82, -0.17, 0.82, -0.17, 0.85, -0.10
08-10-22_15:39:40, configs/celeba/ResNet18sparse_celeba.yml, ResNet18__sparse_celeba_sc_row, 128,0.01,cosine_lr,0.4, logistic,0.0,dp,0.90, 0.15, 0.90, 0.15, 0.90, 0.14
08-10-22_15:53:54, configs/celeba/ResNet18sparse_celeba.yml, ResNet18__sparse_celeba_sc_row, 128,0.01,cosine_lr,0.4, logistic,0.06,dp,0.89, 0.08, 0.89, 0.08, 0.89, 0.08
08-10-22_16:08:08, configs/celeba/ResNet18sparse_celeba.yml, ResNet18__sparse_celeba_sc_row, 128,0.01,cosine_lr,0.4, logistic,0.12,dp,0.88, 0.03, 0.88, 0.03, 0.88, 0.02
08-10-22_16:22:19, configs/celeba/ResNet18sparse_celeba.yml, ResNet18__sparse_celeba_sc_row, 128,0.01,cosine_lr,0.4, logistic,0.18,dp,0.86, -0.04, 0.86, -0.04, 0.86, -0.05
08-10-22_16:36:32, configs/celeba/ResNet18sparse_celeba.yml, ResNet18__sparse_celeba_sc_row, 128,0.01,cosine_lr,0.4, logistic,0.24,dp,0.82, -0.18, 0.84, -0.09, 0.84, -0.11
08-10-22_16:46:55, configs/celeba/ResNet18sparse_celeba.yml, ResNet18__sparse_celeba_sc_row, 128,0.01,cosine_lr,0.8, logistic,0.0,dp,0.89, 0.15, 0.89, 0.15, 0.89, 0.14
08-10-22_16:55:36, configs/celeba/ResNet18sparse_celeba.yml, ResNet18__sparse_celeba_sc_row, 128,0.01,cosine_lr,0.8, logistic,0.06,dp,0.88, 0.07, 0.88, 0.09, 0.88, 0.08
08-10-22_17:04:06, configs/celeba/ResNet18sparse_celeba.yml, ResNet18__sparse_celeba_sc_row, 128,0.01,cosine_lr,0.8, logistic,0.12,dp,0.87, -0.00, 0.87, -0.00, 0.87, 0.02
08-10-22_17:12:31, configs/celeba/ResNet18sparse_celeba.yml, ResNet18__sparse_celeba_sc_row, 128,0.01,cosine_lr,0.8, logistic,0.18,dp,0.85, -0.05, 0.85, -0.05, 0.85, -0.05
08-10-22_17:20:53, configs/celeba/ResNet18sparse_celeba.yml, ResNet18__sparse_celeba_sc_row, 128,0.01,cosine_lr,0.8, logistic,0.24,dp,0.81, -0.15, 0.82, -0.13, 0.82, -0.13
08-10-22_17:29:24, configs/celeba/ResNet18sparse_celeba.yml, ResNet18__sparse_celeba_sc_row, 128,0.01,cosine_lr,0.95, logistic,0.0,dp,0.89, 0.13, 0.89, 0.13, 0.88, 0.14
08-10-22_17:37:56, configs/celeba/ResNet18sparse_celeba.yml, ResNet18__sparse_celeba_sc_row, 128,0.01,cosine_lr,0.95, logistic,0.06,dp,0.88, 0.08, 0.88, 0.08, 0.87, 0.07
08-10-22_17:46:23, configs/celeba/ResNet18sparse_celeba.yml, ResNet18__sparse_celeba_sc_row, 128,0.01,cosine_lr,0.95, logistic,0.12,dp,0.86, 0.02, 0.86, 0.02, 0.86, 0.01
08-10-22_17:54:45, configs/celeba/ResNet18sparse_celeba.yml, ResNet18__sparse_celeba_sc_row, 128,0.01,cosine_lr,0.95, logistic,0.18,dp,0.84, -0.05, 0.84, -0.05, 0.84, -0.05
08-10-22_18:03:00, configs/celeba/ResNet18sparse_celeba.yml, ResNet18__sparse_celeba_sc_row, 128,0.01,cosine_lr,0.95, logistic,0.24,dp,0.82, -0.12, 0.82, -0.12, 0.81, -0.13
10-20-22_20:04:20, configs/celeba/ResNet18sparse_celeba.yml, ResNet18__sparse_celeba_sc_row, 128,0.01,cosine_lr,0.05, logistic,0.0,dp,0.87, 0.14, 0.89, 0.12, 0.90, 0.14
10-20-22_20:12:39, configs/celeba/ResNet18sparse_celeba.yml, ResNet18__sparse_celeba_sc_row, 128,0.01,cosine_lr,0.05, logistic,0.06,dp,0.89, 0.08, 0.90, 0.08, 0.90, 0.09
10-20-22_20:20:54, configs/celeba/ResNet18sparse_celeba.yml, ResNet18__sparse_celeba_sc_row, 128,0.01,cosine_lr,0.05, logistic,0.052,dp,0.90, 0.09, 0.90, 0.09, 0.90, 0.09
10-20-22_20:29:13, configs/celeba/ResNet18sparse_celeba.yml, ResNet18__sparse_celeba_sc_row, 128,0.01,cosine_lr,0.05, logistic,0.058,dp,0.87, 0.10, 0.88, 0.05, 0.90, 0.09
10-20-22_20:37:33, configs/celeba/ResNet18sparse_celeba.yml, ResNet18__sparse_celeba_sc_row, 128,0.01,cosine_lr,0.05, logistic,0.24,dp,0.86, -0.09, 0.86, -0.09, 0.85, -0.09
