Date Finished, Base Config, Name, Batch Size,Learning Rate,LR Policy,Prune Rate, fair Regularization,lam fair,fair type,Current Val Top 1, Current Val Unfairness, Best Val Top 1, Best Val Unfairness, Best Train Top 1, Best Train Unfairness
10-10-22_01:37:18, configs/celeba/ResNet18sparse_celeba_sc.yml, random_tickets, 128,0.01,cosine_lr,0.001, logistic-,0.0,dp,0.52, 0.00, 0.52, 0.00, 0.52, 0.00
10-10-22_02:00:59, configs/celeba/ResNet18sparse_celeba_sc.yml, random_tickets, 128,0.01,cosine_lr,0.002, logistic,0.0,dp,0.89, 0.13, 0.89, 0.13, 0.88, 0.13
10-10-22_02:18:33, configs/celeba/ResNet18sparse_celeba_sc.yml, random_tickets, 128,0.01,cosine_lr,0.0015, logistic,0.0,dp,0.48, 0.00, 0.48, 0.00, 0.48, 0.00
10-10-22_02:40:08, configs/celeba/ResNet18sparse_celeba_sc.yml, random_tickets, 128,0.01,cosine_lr,0.0005, logistic,0.0,dp,0.48, 0.00, 0.48, 0.00, 0.48, 0.00
10-11-22_02:51:11, configs/celeba/ResNet18sparse_celeba_sc.yml, random_tickets, 128,0.01,cosine_lr,0.0005, logistic,0.0,dp,0.75, 0.00, 0.75, 0.00, 0.78, 0.00
10-11-22_03:05:49, configs/celeba/ResNet18sparse_celeba_sc.yml, random_tickets, 128,0.01,cosine_lr,0.0005, logistic,0.0,dp,0.75, 0.00, 0.75, 0.00, 0.78, 0.00
10-19-22_05:13:39, configs/celeba/ResNet18sparse_celeba_sc.yml, random_tickets, 128,0.01,cosine_lr,0.001, logistic,0.0,dp,0.48, 0.00, 0.48, 0.00, 0.48, 0.00
10-19-22_05:36:17, configs/celeba/ResNet18sparse_celeba_sc.yml, random_tickets, 128,0.01,cosine_lr,0.0015, logistic,0.0,dp,0.53, 0.02, 0.53, 0.02, 0.53, 0.01
10-19-22_05:59:14, configs/celeba/ResNet18sparse_celeba_sc.yml, random_tickets, 128,0.01,cosine_lr,0.002, logistic,0.0,dp,0.89, 0.14, 0.89, 0.14, 0.88, 0.13
10-19-22_06:22:16, configs/celeba/ResNet18sparse_celeba_sc.yml, random_tickets, 128,0.01,cosine_lr,0.0025, logistic,0.0,dp,0.90, 0.15, 0.90, 0.15, 0.90, 0.14
10-19-22_06:45:08, configs/celeba/ResNet18sparse_celeba_sc.yml, random_tickets, 128,0.01,cosine_lr,0.003, logistic,0.0,dp,0.90, 0.14, 0.90, 0.14, 0.90, 0.14
10-19-22_07:08:03, configs/celeba/ResNet18sparse_celeba_sc.yml, random_tickets, 128,0.01,cosine_lr,0.0035, logistic,0.0,dp,0.90, 0.14, 0.90, 0.14, 0.90, 0.14
10-19-22_07:30:39, configs/celeba/ResNet18sparse_celeba_sc.yml, random_tickets, 128,0.01,cosine_lr,0.004, logistic,0.0,dp,0.91, 0.14, 0.91, 0.14, 0.91, 0.14
10-19-22_07:53:05, configs/celeba/ResNet18sparse_celeba_sc.yml, random_tickets, 128,0.01,cosine_lr,0.0025, logistic,0.0,dp,0.89, 0.13, 0.89, 0.13, 0.89, 0.14
10-19-22_08:15:45, configs/celeba/ResNet18sparse_celeba_sc.yml, random_tickets, 128,0.01,cosine_lr,0.005, logistic,0.0,dp,0.91, 0.15, 0.91, 0.15, 0.91, 0.14
10-19-22_08:38:28, configs/celeba/ResNet18sparse_celeba_sc.yml, random_tickets, 128,0.01,cosine_lr,0.006, logistic,0.0,dp,0.91, 0.14, 0.91, 0.14, 0.92, 0.14
10-19-22_08:57:38, configs/celeba/ResNet18sparse_celeba_sc.yml, random_tickets, 128,0.01,cosine_lr,0.007, logistic,0.0,dp,0.92, 0.14, 0.92, 0.14, 0.92, 0.14
10-19-22_09:15:37, configs/celeba/ResNet18sparse_celeba_sc.yml, random_tickets, 128,0.01,cosine_lr,0.008, logistic,0.0,dp,0.92, 0.14, 0.92, 0.14, 0.92, 0.14
10-19-22_09:33:44, configs/celeba/ResNet18sparse_celeba_sc.yml, random_tickets, 128,0.01,cosine_lr,0.009, logistic,0.0,dp,0.92, 0.15, 0.92, 0.15, 0.92, 0.14
10-19-22_09:51:50, configs/celeba/ResNet18sparse_celeba_sc.yml, random_tickets, 128,0.01,cosine_lr,0.01, logistic,0.0,dp,0.92, 0.15, 0.92, 0.15, 0.93, 0.14
10-19-22_10:09:55, configs/celeba/ResNet18sparse_celeba_sc.yml, random_tickets, 128,0.01,cosine_lr,0.02, logistic,0.0,dp,0.93, 0.13, 0.93, 0.13, 0.93, 0.14
10-19-22_10:27:47, configs/celeba/ResNet18sparse_celeba_sc.yml, random_tickets, 128,0.01,cosine_lr,0.05, logistic,0.0,dp,0.92, 0.14, 0.92, 0.14, 0.94, 0.14
10-19-22_10:45:37, configs/celeba/ResNet18sparse_celeba_sc.yml, random_tickets, 128,0.01,cosine_lr,0.1, logistic,0.0,dp,0.93, 0.14, 0.93, 0.14, 0.94, 0.14
10-19-22_11:03:41, configs/celeba/ResNet18sparse_celeba_sc.yml, random_tickets, 128,0.01,cosine_lr,0.2, logistic,0.0,dp,0.92, 0.15, 0.93, 0.13, 0.94, 0.14
10-19-22_11:21:47, configs/celeba/ResNet18sparse_celeba_sc.yml, random_tickets, 128,0.01,cosine_lr,0.4, logistic,0.0,dp,0.92, 0.14, 0.92, 0.15, 0.94, 0.14
10-19-22_11:39:53, configs/celeba/ResNet18sparse_celeba_sc.yml, random_tickets, 128,0.01,cosine_lr,0.8, logistic,0.0,dp,0.92, 0.13, 0.93, 0.13, 0.94, 0.14
10-19-22_11:57:59, configs/celeba/ResNet18sparse_celeba_sc.yml, random_tickets, 128,0.01,cosine_lr,0.9, logistic,0.0,dp,0.93, 0.14, 0.93, 0.14, 0.94, 0.14
10-19-22_12:15:55, configs/celeba/ResNet18sparse_celeba_sc.yml, random_tickets, 128,0.01,cosine_lr,0.95, logistic,0.0,dp,0.93, 0.14, 0.93, 0.14, 0.94, 0.14
10-19-22_12:34:03, configs/celeba/ResNet18sparse_celeba_sc.yml, random_tickets, 128,0.01,cosine_lr,0.99, logistic,0.0,dp,0.93, 0.14, 0.93, 0.14, 0.94, 0.14
10-19-22_12:52:19, configs/celeba/ResNet18sparse_celeba_sc.yml, random_tickets, 128,0.01,cosine_lr,0.999, logistic,0.0,dp,0.93, 0.14, 0.93, 0.14, 0.94, 0.14
10-19-22_13:10:33, configs/celeba/ResNet18sparse_celeba_sc.yml, random_tickets, 128,0.01,cosine_lr,0.001, logistic,0.0,dp,0.48, 0.00, 0.48, 0.00, 0.48, 0.00
10-19-22_13:28:43, configs/celeba/ResNet18sparse_celeba_sc.yml, random_tickets, 128,0.01,cosine_lr,0.0015, logistic,0.0,dp,0.52, 0.01, 0.52, 0.01, 0.53, 0.01
10-19-22_13:46:53, configs/celeba/ResNet18sparse_celeba_sc.yml, random_tickets, 128,0.01,cosine_lr,0.002, logistic,0.0,dp,0.89, 0.14, 0.89, 0.14, 0.89, 0.13
10-19-22_14:05:01, configs/celeba/ResNet18sparse_celeba_sc.yml, random_tickets, 128,0.01,cosine_lr,0.0025, logistic,0.0,dp,0.89, 0.13, 0.89, 0.13, 0.89, 0.14
10-19-22_14:23:18, configs/celeba/ResNet18sparse_celeba_sc.yml, random_tickets, 128,0.01,cosine_lr,0.003, logistic,0.0,dp,0.90, 0.15, 0.90, 0.15, 0.90, 0.14
10-19-22_14:41:40, configs/celeba/ResNet18sparse_celeba_sc.yml, random_tickets, 128,0.01,cosine_lr,0.0035, logistic,0.0,dp,0.91, 0.15, 0.91, 0.15, 0.91, 0.15
10-19-22_14:59:55, configs/celeba/ResNet18sparse_celeba_sc.yml, random_tickets, 128,0.01,cosine_lr,0.004, logistic,0.0,dp,0.91, 0.15, 0.91, 0.15, 0.91, 0.14
10-19-22_15:18:05, configs/celeba/ResNet18sparse_celeba_sc.yml, random_tickets, 128,0.01,cosine_lr,0.0025, logistic,0.0,dp,0.90, 0.13, 0.90, 0.13, 0.90, 0.13
10-19-22_15:36:24, configs/celeba/ResNet18sparse_celeba_sc.yml, random_tickets, 128,0.01,cosine_lr,0.005, logistic,0.0,dp,0.92, 0.14, 0.92, 0.14, 0.92, 0.14
10-19-22_15:54:42, configs/celeba/ResNet18sparse_celeba_sc.yml, random_tickets, 128,0.01,cosine_lr,0.006, logistic,0.0,dp,0.92, 0.15, 0.92, 0.15, 0.92, 0.14
10-19-22_16:13:01, configs/celeba/ResNet18sparse_celeba_sc.yml, random_tickets, 128,0.01,cosine_lr,0.007, logistic,0.0,dp,0.92, 0.14, 0.92, 0.14, 0.92, 0.14
10-19-22_16:22:16, configs/celeba/ResNet18sparse_celeba_sc.yml, random_tickets, 128,0.01,cosine_lr,0.008, logistic,0.0,dp,0.92, 0.15, 0.92, 0.15, 0.92, 0.14
10-19-22_16:31:32, configs/celeba/ResNet18sparse_celeba_sc.yml, random_tickets, 128,0.01,cosine_lr,0.009, logistic,0.0,dp,0.92, 0.15, 0.92, 0.15, 0.92, 0.14
10-19-22_16:40:40, configs/celeba/ResNet18sparse_celeba_sc.yml, random_tickets, 128,0.01,cosine_lr,0.01, logistic,0.0,dp,0.92, 0.14, 0.92, 0.14, 0.93, 0.14
10-19-22_16:49:57, configs/celeba/ResNet18sparse_celeba_sc.yml, random_tickets, 128,0.01,cosine_lr,0.02, logistic,0.0,dp,0.93, 0.14, 0.93, 0.14, 0.93, 0.15
10-19-22_16:59:19, configs/celeba/ResNet18sparse_celeba_sc.yml, random_tickets, 128,0.01,cosine_lr,0.05, logistic,0.0,dp,0.93, 0.14, 0.93, 0.14, 0.94, 0.14
10-19-22_17:08:45, configs/celeba/ResNet18sparse_celeba_sc.yml, random_tickets, 128,0.01,cosine_lr,0.1, logistic,0.0,dp,0.93, 0.15, 0.93, 0.14, 0.94, 0.14
10-19-22_17:18:06, configs/celeba/ResNet18sparse_celeba_sc.yml, random_tickets, 128,0.01,cosine_lr,0.2, logistic,0.0,dp,0.92, 0.14, 0.92, 0.13, 0.94, 0.14
10-19-22_17:27:36, configs/celeba/ResNet18sparse_celeba_sc.yml, random_tickets, 128,0.01,cosine_lr,0.4, logistic,0.0,dp,0.92, 0.14, 0.92, 0.14, 0.94, 0.14
10-19-22_17:37:04, configs/celeba/ResNet18sparse_celeba_sc.yml, random_tickets, 128,0.01,cosine_lr,0.8, logistic,0.0,dp,0.93, 0.13, 0.93, 0.13, 0.94, 0.14
10-19-22_17:46:28, configs/celeba/ResNet18sparse_celeba_sc.yml, random_tickets, 128,0.01,cosine_lr,0.9, logistic,0.0,dp,0.93, 0.14, 0.93, 0.14, 0.94, 0.14
10-19-22_17:55:46, configs/celeba/ResNet18sparse_celeba_sc.yml, random_tickets, 128,0.01,cosine_lr,0.95, logistic,0.0,dp,0.92, 0.14, 0.93, 0.15, 0.94, 0.14
10-19-22_18:04:56, configs/celeba/ResNet18sparse_celeba_sc.yml, random_tickets, 128,0.01,cosine_lr,0.99, logistic,0.0,dp,0.93, 0.14, 0.93, 0.14, 0.94, 0.14
10-19-22_18:14:09, configs/celeba/ResNet18sparse_celeba_sc.yml, random_tickets, 128,0.01,cosine_lr,0.999, logistic,0.0,dp,0.93, 0.14, 0.93, 0.13, 0.94, 0.14
10-19-22_18:23:23, configs/celeba/ResNet18sparse_celeba_sc.yml, random_tickets, 128,0.01,cosine_lr,0.001, logistic,0.0,dp,0.48, 0.00, 0.48, 0.00, 0.48, 0.00
10-19-22_18:32:38, configs/celeba/ResNet18sparse_celeba_sc.yml, random_tickets, 128,0.01,cosine_lr,0.0015, logistic,0.0,dp,0.48, 0.00, 0.48, 0.00, 0.48, 0.00
10-19-22_18:41:32, configs/celeba/ResNet18sparse_celeba_sc.yml, random_tickets, 128,0.01,cosine_lr,0.002, logistic,0.0,dp,0.89, 0.13, 0.89, 0.13, 0.89, 0.13
10-19-22_18:50:26, configs/celeba/ResNet18sparse_celeba_sc.yml, random_tickets, 128,0.01,cosine_lr,0.0025, logistic,0.0,dp,0.89, 0.14, 0.89, 0.14, 0.89, 0.14
10-19-22_18:59:35, configs/celeba/ResNet18sparse_celeba_sc.yml, random_tickets, 128,0.01,cosine_lr,0.003, logistic,0.0,dp,0.91, 0.13, 0.91, 0.13, 0.90, 0.14
10-19-22_19:08:56, configs/celeba/ResNet18sparse_celeba_sc.yml, random_tickets, 128,0.01,cosine_lr,0.0035, logistic,0.0,dp,0.91, 0.14, 0.91, 0.14, 0.91, 0.14
10-19-22_19:18:16, configs/celeba/ResNet18sparse_celeba_sc.yml, random_tickets, 128,0.01,cosine_lr,0.004, logistic,0.0,dp,0.91, 0.14, 0.91, 0.14, 0.91, 0.14
10-19-22_19:27:28, configs/celeba/ResNet18sparse_celeba_sc.yml, random_tickets, 128,0.01,cosine_lr,0.0025, logistic,0.0,dp,0.89, 0.13, 0.89, 0.13, 0.89, 0.13
10-19-22_19:36:48, configs/celeba/ResNet18sparse_celeba_sc.yml, random_tickets, 128,0.01,cosine_lr,0.005, logistic,0.0,dp,0.91, 0.14, 0.91, 0.14, 0.92, 0.14
10-19-22_19:46:12, configs/celeba/ResNet18sparse_celeba_sc.yml, random_tickets, 128,0.01,cosine_lr,0.006, logistic,0.0,dp,0.92, 0.15, 0.92, 0.15, 0.92, 0.14
10-19-22_19:55:08, configs/celeba/ResNet18sparse_celeba_sc.yml, random_tickets, 128,0.01,cosine_lr,0.007, logistic,0.0,dp,0.92, 0.15, 0.92, 0.15, 0.92, 0.14
10-19-22_20:04:21, configs/celeba/ResNet18sparse_celeba_sc.yml, random_tickets, 128,0.01,cosine_lr,0.008, logistic,0.0,dp,0.92, 0.14, 0.92, 0.14, 0.92, 0.14
10-19-22_20:13:43, configs/celeba/ResNet18sparse_celeba_sc.yml, random_tickets, 128,0.01,cosine_lr,0.009, logistic,0.0,dp,0.92, 0.15, 0.92, 0.15, 0.93, 0.14
10-19-22_20:22:48, configs/celeba/ResNet18sparse_celeba_sc.yml, random_tickets, 128,0.01,cosine_lr,0.01, logistic,0.0,dp,0.92, 0.15, 0.92, 0.15, 0.93, 0.14
10-19-22_20:31:39, configs/celeba/ResNet18sparse_celeba_sc.yml, random_tickets, 128,0.01,cosine_lr,0.02, logistic,0.0,dp,0.92, 0.14, 0.92, 0.15, 0.93, 0.14
10-19-22_20:40:38, configs/celeba/ResNet18sparse_celeba_sc.yml, random_tickets, 128,0.01,cosine_lr,0.05, logistic,0.0,dp,0.92, 0.15, 0.93, 0.15, 0.94, 0.14
10-19-22_20:49:39, configs/celeba/ResNet18sparse_celeba_sc.yml, random_tickets, 128,0.01,cosine_lr,0.1, logistic,0.0,dp,0.93, 0.15, 0.93, 0.15, 0.94, 0.14
10-19-22_20:58:32, configs/celeba/ResNet18sparse_celeba_sc.yml, random_tickets, 128,0.01,cosine_lr,0.2, logistic,0.0,dp,0.93, 0.14, 0.93, 0.14, 0.94, 0.14
10-19-22_21:07:24, configs/celeba/ResNet18sparse_celeba_sc.yml, random_tickets, 128,0.01,cosine_lr,0.4, logistic,0.0,dp,0.93, 0.14, 0.93, 0.14, 0.94, 0.14
10-19-22_21:16:14, configs/celeba/ResNet18sparse_celeba_sc.yml, random_tickets, 128,0.01,cosine_lr,0.8, logistic,0.0,dp,0.93, 0.14, 0.93, 0.14, 0.94, 0.14
10-19-22_21:25:04, configs/celeba/ResNet18sparse_celeba_sc.yml, random_tickets, 128,0.01,cosine_lr,0.9, logistic,0.0,dp,0.92, 0.14, 0.93, 0.14, 0.94, 0.14
10-19-22_21:34:00, configs/celeba/ResNet18sparse_celeba_sc.yml, random_tickets, 128,0.01,cosine_lr,0.95, logistic,0.0,dp,0.92, 0.14, 0.93, 0.14, 0.94, 0.14
10-19-22_21:42:58, configs/celeba/ResNet18sparse_celeba_sc.yml, random_tickets, 128,0.01,cosine_lr,0.99, logistic,0.0,dp,0.93, 0.14, 0.93, 0.14, 0.94, 0.14
10-19-22_21:51:58, configs/celeba/ResNet18sparse_celeba_sc.yml, random_tickets, 128,0.01,cosine_lr,0.999, logistic,0.0,dp,0.93, 0.15, 0.93, 0.14, 0.94, 0.14
11-01-22_23:04:57, configs/celeba/ResNet18sparse_celeba_sc.yml, random_tickets, 128,0.01,cosine_lr,0.001, logistic,0.0,dp,0.52, 0.00, 0.52, 0.00, 0.52, 0.00
11-01-22_23:16:55, configs/celeba/ResNet18sparse_celeba_sc.yml, random_tickets, 128,0.01,cosine_lr,0.001, logistic,0.06,dp,0.52, 0.00, 0.52, 0.00, 0.52, 0.00
11-01-22_23:28:48, configs/celeba/ResNet18sparse_celeba_sc.yml, random_tickets, 128,0.01,cosine_lr,0.001, logistic,0.12,dp,0.48, 0.00, 0.48, 0.00, 0.48, 0.00
11-01-22_23:40:43, configs/celeba/ResNet18sparse_celeba_sc.yml, random_tickets, 128,0.01,cosine_lr,0.001, logistic,0.18,dp,0.52, 0.00, 0.52, 0.00, 0.52, 0.00
11-01-22_23:52:24, configs/celeba/ResNet18sparse_celeba_sc.yml, random_tickets, 128,0.01,cosine_lr,0.001, logistic,0.24,dp,0.48, 0.00, 0.48, 0.00, 0.48, 0.00
11-02-22_00:04:13, configs/celeba/ResNet18sparse_celeba_sc.yml, random_tickets, 128,0.01,cosine_lr,0.001, logistic,0.3,dp,0.52, 0.00, 0.52, 0.00, 0.52, -0.00
11-02-22_00:15:58, configs/celeba/ResNet18sparse_celeba_sc.yml, random_tickets, 128,0.01,cosine_lr,0.001, logistic,0.36,dp,0.48, 0.00, 0.48, 0.00, 0.48, 0.00
11-02-22_00:27:49, configs/celeba/ResNet18sparse_celeba_sc.yml, random_tickets, 128,0.01,cosine_lr,0.002, logistic,0.0,dp,0.89, 0.13, 0.89, 0.13, 0.89, 0.14
11-02-22_00:39:39, configs/celeba/ResNet18sparse_celeba_sc.yml, random_tickets, 128,0.01,cosine_lr,0.002, logistic,0.06,dp,0.89, 0.06, 0.89, 0.06, 0.88, 0.07
11-02-22_00:51:38, configs/celeba/ResNet18sparse_celeba_sc.yml, random_tickets, 128,0.01,cosine_lr,0.002, logistic,0.12,dp,0.53, -0.00, 0.53, -0.00, 0.53, 0.00
11-02-22_01:03:32, configs/celeba/ResNet18sparse_celeba_sc.yml, random_tickets, 128,0.01,cosine_lr,0.002, logistic,0.18,dp,0.85, -0.06, 0.85, -0.06, 0.85, -0.05
11-02-22_01:15:33, configs/celeba/ResNet18sparse_celeba_sc.yml, random_tickets, 128,0.01,cosine_lr,0.002, logistic,0.24,dp,0.83, -0.13, 0.83, -0.11, 0.83, -0.11
11-02-22_01:27:32, configs/celeba/ResNet18sparse_celeba_sc.yml, random_tickets, 128,0.01,cosine_lr,0.002, logistic,0.3,dp,0.81, -0.19, 0.81, -0.19, 0.80, -0.19
11-02-22_01:39:25, configs/celeba/ResNet18sparse_celeba_sc.yml, random_tickets, 128,0.01,cosine_lr,0.002, logistic,0.36,dp,0.77, -0.25, 0.78, -0.20, 0.77, -0.24
11-02-22_01:51:22, configs/celeba/ResNet18sparse_celeba_sc.yml, random_tickets, 128,0.01,cosine_lr,0.005, logistic,0.0,dp,0.91, 0.14, 0.91, 0.14, 0.92, 0.14
11-02-22_02:03:24, configs/celeba/ResNet18sparse_celeba_sc.yml, random_tickets, 128,0.01,cosine_lr,0.005, logistic,0.06,dp,0.90, 0.09, 0.91, 0.10, 0.91, 0.09
11-02-22_02:15:28, configs/celeba/ResNet18sparse_celeba_sc.yml, random_tickets, 128,0.01,cosine_lr,0.005, logistic,0.12,dp,0.90, 0.04, 0.90, 0.04, 0.90, 0.04
11-02-22_02:27:30, configs/celeba/ResNet18sparse_celeba_sc.yml, random_tickets, 128,0.01,cosine_lr,0.005, logistic,0.18,dp,0.89, -0.01, 0.89, -0.01, 0.89, -0.02
11-02-22_02:39:37, configs/celeba/ResNet18sparse_celeba_sc.yml, random_tickets, 128,0.01,cosine_lr,0.005, logistic,0.24,dp,0.86, -0.08, 0.86, -0.08, 0.86, -0.09
11-02-22_02:51:48, configs/celeba/ResNet18sparse_celeba_sc.yml, random_tickets, 128,0.01,cosine_lr,0.005, logistic,0.3,dp,0.83, -0.17, 0.83, -0.17, 0.84, -0.16
11-02-22_03:03:50, configs/celeba/ResNet18sparse_celeba_sc.yml, random_tickets, 128,0.01,cosine_lr,0.005, logistic,0.36,dp,0.80, -0.23, 0.80, -0.23, 0.80, -0.24
11-02-22_03:15:54, configs/celeba/ResNet18sparse_celeba_sc.yml, random_tickets, 128,0.01,cosine_lr,0.01, logistic,0.0,dp,0.92, 0.14, 0.92, 0.14, 0.93, 0.14
11-02-22_03:27:58, configs/celeba/ResNet18sparse_celeba_sc.yml, random_tickets, 128,0.01,cosine_lr,0.01, logistic,0.06,dp,0.92, 0.10, 0.92, 0.10, 0.92, 0.10
11-02-22_03:39:57, configs/celeba/ResNet18sparse_celeba_sc.yml, random_tickets, 128,0.01,cosine_lr,0.01, logistic,0.12,dp,0.92, 0.07, 0.92, 0.07, 0.92, 0.07
11-02-22_03:51:58, configs/celeba/ResNet18sparse_celeba_sc.yml, random_tickets, 128,0.01,cosine_lr,0.01, logistic,0.18,dp,0.90, 0.01, 0.90, 0.01, 0.90, 0.01
11-02-22_04:03:59, configs/celeba/ResNet18sparse_celeba_sc.yml, random_tickets, 128,0.01,cosine_lr,0.01, logistic,0.24,dp,0.89, -0.02, 0.89, -0.02, 0.89, -0.04
11-02-22_04:16:02, configs/celeba/ResNet18sparse_celeba_sc.yml, random_tickets, 128,0.01,cosine_lr,0.01, logistic,0.3,dp,0.87, -0.07, 0.87, -0.07, 0.86, -0.11
11-02-22_04:27:59, configs/celeba/ResNet18sparse_celeba_sc.yml, random_tickets, 128,0.01,cosine_lr,0.01, logistic,0.36,dp,0.79, -0.29, 0.80, -0.24, 0.82, -0.21
11-02-22_04:39:57, configs/celeba/ResNet18sparse_celeba_sc.yml, random_tickets, 128,0.01,cosine_lr,0.05, logistic,0.0,dp,0.93, 0.15, 0.93, 0.15, 0.94, 0.14
11-02-22_04:51:57, configs/celeba/ResNet18sparse_celeba_sc.yml, random_tickets, 128,0.01,cosine_lr,0.05, logistic,0.06,dp,0.93, 0.11, 0.93, 0.11, 0.94, 0.11
11-02-22_05:04:03, configs/celeba/ResNet18sparse_celeba_sc.yml, random_tickets, 128,0.01,cosine_lr,0.05, logistic,0.12,dp,0.92, 0.07, 0.92, 0.07, 0.93, 0.07
11-02-22_05:16:13, configs/celeba/ResNet18sparse_celeba_sc.yml, random_tickets, 128,0.01,cosine_lr,0.05, logistic,0.18,dp,0.91, 0.05, 0.91, 0.05, 0.92, 0.03
11-02-22_05:28:17, configs/celeba/ResNet18sparse_celeba_sc.yml, random_tickets, 128,0.01,cosine_lr,0.05, logistic,0.24,dp,0.91, 0.02, 0.91, 0.02, 0.90, -0.02
11-02-22_05:40:16, configs/celeba/ResNet18sparse_celeba_sc.yml, random_tickets, 128,0.01,cosine_lr,0.05, logistic,0.3,dp,0.89, -0.04, 0.89, -0.04, 0.88, -0.08
11-02-22_05:52:20, configs/celeba/ResNet18sparse_celeba_sc.yml, random_tickets, 128,0.01,cosine_lr,0.05, logistic,0.36,dp,0.85, -0.14, 0.85, -0.14, 0.84, -0.19
11-02-22_06:04:25, configs/celeba/ResNet18sparse_celeba_sc.yml, random_tickets, 128,0.01,cosine_lr,0.1, logistic,0.0,dp,0.93, 0.14, 0.93, 0.14, 0.94, 0.14
11-02-22_06:16:22, configs/celeba/ResNet18sparse_celeba_sc.yml, random_tickets, 128,0.01,cosine_lr,0.1, logistic,0.06,dp,0.93, 0.11, 0.93, 0.11, 0.94, 0.11
11-02-22_06:28:29, configs/celeba/ResNet18sparse_celeba_sc.yml, random_tickets, 128,0.01,cosine_lr,0.1, logistic,0.12,dp,0.92, 0.08, 0.92, 0.08, 0.93, 0.07
11-02-22_06:40:26, configs/celeba/ResNet18sparse_celeba_sc.yml, random_tickets, 128,0.01,cosine_lr,0.1, logistic,0.18,dp,0.91, 0.03, 0.91, 0.03, 0.92, 0.03
11-02-22_06:52:28, configs/celeba/ResNet18sparse_celeba_sc.yml, random_tickets, 128,0.01,cosine_lr,0.1, logistic,0.24,dp,0.90, 0.00, 0.90, 0.00, 0.90, -0.02
11-02-22_07:04:28, configs/celeba/ResNet18sparse_celeba_sc.yml, random_tickets, 128,0.01,cosine_lr,0.1, logistic,0.3,dp,0.87, -0.10, 0.87, -0.10, 0.88, -0.09
11-02-22_07:16:29, configs/celeba/ResNet18sparse_celeba_sc.yml, random_tickets, 128,0.01,cosine_lr,0.1, logistic,0.36,dp,0.83, -0.18, 0.83, -0.18, 0.84, -0.19
