Date Finished, Base Config, Name, Batch Size,Learning Rate,LR Policy,Prune Rate, fair Regularization,lam fair,fair type,Current Val Top 1, Current Val Unfairness, Best Val Top 1, Best Val Unfairness, Best Train Top 1, Best Train Unfairness
08-10-22_06:55:14, configs/celeba/ResNet18dense_celeba_new.yml, ResNet18dense_new_sc_hinge, 128,0.01,cosine_lr,1.0, hinge,0.0,dp,0.93, 0.15, 0.93, 0.15, 0.94, 0.14
08-10-22_07:09:23, configs/celeba/ResNet18dense_celeba_new.yml, ResNet18dense_new_sc_hinge, 128,0.01,cosine_lr,1.0, hinge,0.0,dp,0.93, 0.14, 0.93, 0.14, 0.94, 0.14
08-10-22_07:23:45, configs/celeba/ResNet18dense_celeba_new.yml, ResNet18dense_new_sc_hinge, 128,0.01,cosine_lr,1.0, hinge,0.0,dp,0.93, 0.14, 0.93, 0.14, 0.94, 0.14
08-10-22_07:38:09, configs/celeba/ResNet18dense_celeba_new.yml, ResNet18dense_new_sc_hinge, 128,0.01,cosine_lr,1.0, hinge,0.06,dp,0.93, 0.09, 0.93, 0.09, 0.94, 0.09
08-10-22_07:52:22, configs/celeba/ResNet18dense_celeba_new.yml, ResNet18dense_new_sc_hinge, 128,0.01,cosine_lr,1.0, hinge,0.06,dp,0.92, 0.07, 0.92, 0.09, 0.94, 0.09
08-10-22_08:06:31, configs/celeba/ResNet18dense_celeba_new.yml, ResNet18dense_new_sc_hinge, 128,0.01,cosine_lr,1.0, hinge,0.06,dp,0.92, 0.09, 0.92, 0.09, 0.94, 0.09
08-10-22_08:20:46, configs/celeba/ResNet18dense_celeba_new.yml, ResNet18dense_new_sc_hinge, 128,0.01,cosine_lr,1.0, hinge,0.12,dp,0.90, 0.01, 0.90, 0.01, 0.92, 0.01
08-10-22_08:35:14, configs/celeba/ResNet18dense_celeba_new.yml, ResNet18dense_new_sc_hinge, 128,0.01,cosine_lr,1.0, hinge,0.12,dp,0.89, -0.03, 0.91, 0.02, 0.92, 0.01
08-10-22_08:49:35, configs/celeba/ResNet18dense_celeba_new.yml, ResNet18dense_new_sc_hinge, 128,0.01,cosine_lr,1.0, hinge,0.12,dp,0.90, -0.00, 0.90, -0.00, 0.92, 0.01
08-10-22_09:03:55, configs/celeba/ResNet18dense_celeba_new.yml, ResNet18dense_new_sc_hinge, 128,0.01,cosine_lr,1.0, hinge,0.18,dp,0.85, -0.15, 0.85, -0.15, 0.85, -0.16
08-10-22_09:18:06, configs/celeba/ResNet18dense_celeba_new.yml, ResNet18dense_new_sc_hinge, 128,0.01,cosine_lr,1.0, hinge,0.18,dp,0.85, -0.16, 0.85, -0.16, 0.85, -0.16
08-10-22_09:32:28, configs/celeba/ResNet18dense_celeba_new.yml, ResNet18dense_new_sc_hinge, 128,0.01,cosine_lr,1.0, hinge,0.18,dp,0.81, -0.23, 0.84, -0.16, 0.85, -0.16
08-10-22_09:46:56, configs/celeba/ResNet18dense_celeba_new.yml, ResNet18dense_new_sc_hinge, 128,0.01,cosine_lr,1.0, hinge,0.24,dp,0.71, -0.48, 0.74, -0.41, 0.73, -0.34
08-10-22_10:01:19, configs/celeba/ResNet18dense_celeba_new.yml, ResNet18dense_new_sc_hinge, 128,0.01,cosine_lr,1.0, hinge,0.24,dp,0.69, -0.49, 0.76, -0.36, 0.73, -0.33
08-10-22_10:15:51, configs/celeba/ResNet18dense_celeba_new.yml, ResNet18dense_new_sc_hinge, 128,0.01,cosine_lr,1.0, hinge,0.24,dp,0.74, -0.41, 0.74, -0.41, 0.73, -0.33
08-10-22_10:30:21, configs/celeba/ResNet18dense_celeba_new.yml, ResNet18dense_new_sc_hinge, 128,0.01,cosine_lr,1.0, hinge,0.3,dp,0.60, -0.68, 0.60, -0.68, 0.65, -0.50
08-10-22_10:44:58, configs/celeba/ResNet18dense_celeba_new.yml, ResNet18dense_new_sc_hinge, 128,0.01,cosine_lr,1.0, hinge,0.3,dp,0.58, -0.71, 0.58, -0.71, 0.66, -0.49
08-10-22_10:59:46, configs/celeba/ResNet18dense_celeba_new.yml, ResNet18dense_new_sc_hinge, 128,0.01,cosine_lr,1.0, hinge,0.3,dp,0.62, -0.65, 0.67, -0.55, 0.65, -0.49
08-10-22_11:14:33, configs/celeba/ResNet18dense_celeba_new.yml, ResNet18dense_new_sc_hinge, 128,0.01,cosine_lr,1.0, hinge,0.36,dp,0.47, -0.92, 0.58, -0.70, 0.59, -0.61
08-10-22_11:29:13, configs/celeba/ResNet18dense_celeba_new.yml, ResNet18dense_new_sc_hinge, 128,0.01,cosine_lr,1.0, hinge,0.36,dp,0.47, -0.91, 0.61, -0.66, 0.59, -0.62
08-10-22_11:43:35, configs/celeba/ResNet18dense_celeba_new.yml, ResNet18dense_new_sc_hinge, 128,0.01,cosine_lr,1.0, hinge,0.36,dp,0.47, -0.92, 0.58, -0.71, 0.59, -0.60
10-18-22_02:33:23, configs/celeba/ResNet18dense_celeba_new.yml, ResNet18dense_new_sc_hinge, 128,0.01,cosine_lr,1.0, hinge,0.0,dp,0.92, 0.15, 0.92, 0.15, 0.94, 0.14
10-18-22_02:49:20, configs/celeba/ResNet18dense_celeba_new.yml, ResNet18dense_new_sc_hinge, 128,0.01,cosine_lr,1.0, hinge,0.0,dp,0.92, 0.13, 0.93, 0.15, 0.94, 0.14
10-18-22_03:05:28, configs/celeba/ResNet18dense_celeba_new.yml, ResNet18dense_new_sc_hinge, 128,0.01,cosine_lr,1.0, hinge,0.0,dp,0.93, 0.13, 0.93, 0.13, 0.94, 0.14
10-18-22_03:21:18, configs/celeba/ResNet18dense_celeba_new.yml, ResNet18dense_new_sc_hinge, 128,0.01,cosine_lr,1.0, hinge,0.06,dp,0.92, 0.09, 0.93, 0.08, 0.94, 0.09
10-18-22_03:37:17, configs/celeba/ResNet18dense_celeba_new.yml, ResNet18dense_new_sc_hinge, 128,0.01,cosine_lr,1.0, hinge,0.06,dp,0.93, 0.08, 0.93, 0.08, 0.94, 0.09
10-18-22_03:53:13, configs/celeba/ResNet18dense_celeba_new.yml, ResNet18dense_new_sc_hinge, 128,0.01,cosine_lr,1.0, hinge,0.06,dp,0.92, 0.06, 0.92, 0.10, 0.94, 0.09
10-18-22_04:08:47, configs/celeba/ResNet18dense_celeba_new.yml, ResNet18dense_new_sc_hinge, 128,0.01,cosine_lr,1.0, hinge,0.12,dp,0.91, 0.00, 0.91, 0.00, 0.92, 0.01
10-18-22_04:24:35, configs/celeba/ResNet18dense_celeba_new.yml, ResNet18dense_new_sc_hinge, 128,0.01,cosine_lr,1.0, hinge,0.12,dp,0.91, 0.01, 0.91, 0.02, 0.92, 0.01
10-18-22_04:40:28, configs/celeba/ResNet18dense_celeba_new.yml, ResNet18dense_new_sc_hinge, 128,0.01,cosine_lr,1.0, hinge,0.12,dp,0.91, 0.01, 0.91, 0.02, 0.92, 0.01
10-18-22_04:56:22, configs/celeba/ResNet18dense_celeba_new.yml, ResNet18dense_new_sc_hinge, 128,0.01,cosine_lr,1.0, hinge,0.18,dp,0.82, -0.22, 0.86, -0.12, 0.85, -0.16
10-18-22_05:12:17, configs/celeba/ResNet18dense_celeba_new.yml, ResNet18dense_new_sc_hinge, 128,0.01,cosine_lr,1.0, hinge,0.18,dp,0.86, -0.12, 0.86, -0.12, 0.85, -0.16
10-18-22_05:28:20, configs/celeba/ResNet18dense_celeba_new.yml, ResNet18dense_new_sc_hinge, 128,0.01,cosine_lr,1.0, hinge,0.18,dp,0.80, -0.26, 0.86, -0.13, 0.85, -0.16
10-18-22_05:44:01, configs/celeba/ResNet18dense_celeba_new.yml, ResNet18dense_new_sc_hinge, 128,0.01,cosine_lr,1.0, hinge,0.24,dp,0.70, -0.49, 0.78, -0.32, 0.73, -0.33
10-18-22_05:59:46, configs/celeba/ResNet18dense_celeba_new.yml, ResNet18dense_new_sc_hinge, 128,0.01,cosine_lr,1.0, hinge,0.24,dp,0.72, -0.45, 0.74, -0.41, 0.73, -0.33
10-18-22_06:15:34, configs/celeba/ResNet18dense_celeba_new.yml, ResNet18dense_new_sc_hinge, 128,0.01,cosine_lr,1.0, hinge,0.24,dp,0.73, -0.42, 0.74, -0.42, 0.73, -0.34
10-18-22_06:31:26, configs/celeba/ResNet18dense_celeba_new.yml, ResNet18dense_new_sc_hinge, 128,0.01,cosine_lr,1.0, hinge,0.3,dp,0.52, -0.83, 0.61, -0.63, 0.65, -0.49
10-18-22_06:47:23, configs/celeba/ResNet18dense_celeba_new.yml, ResNet18dense_new_sc_hinge, 128,0.01,cosine_lr,1.0, hinge,0.3,dp,0.65, -0.57, 0.68, -0.53, 0.65, -0.49
10-18-22_07:03:01, configs/celeba/ResNet18dense_celeba_new.yml, ResNet18dense_new_sc_hinge, 128,0.01,cosine_lr,1.0, hinge,0.3,dp,0.50, -0.85, 0.66, -0.54, 0.66, -0.49
10-18-22_07:19:03, configs/celeba/ResNet18dense_celeba_new.yml, ResNet18dense_new_sc_hinge, 128,0.01,cosine_lr,1.0, hinge,0.36,dp,0.47, -0.91, 0.60, -0.67, 0.59, -0.60
10-18-22_07:35:03, configs/celeba/ResNet18dense_celeba_new.yml, ResNet18dense_new_sc_hinge, 128,0.01,cosine_lr,1.0, hinge,0.36,dp,0.47, -0.92, 0.50, -0.84, 0.59, -0.61
10-18-22_07:50:47, configs/celeba/ResNet18dense_celeba_new.yml, ResNet18dense_new_sc_hinge, 128,0.01,cosine_lr,1.0, hinge,0.36,dp,0.47, -0.91, 0.53, -0.77, 0.60, -0.60
