Date Finished, Base Config, Name, Batch Size,Learning Rate,LR Policy,Prune Rate, fair Regularization,lam fair,fair type,Current Val Top 1, Current Val Unfairness, Best Val Top 1, Best Val Unfairness, Best Train Top 1, Best Train Unfairness
10-19-22_05:37:10, configs/celeba/ResNet18sparse_celeba_sc.yml, random_tickets2, 128,0.01,cosine_lr,0.001, logistic,0.0,dp,0.52, 0.00, 0.52, 0.00, 0.52, 0.00
10-19-22_05:55:49, configs/celeba/ResNet18sparse_celeba_sc.yml, random_tickets2, 128,0.01,cosine_lr,0.002, logistic,0.06,dp,0.89, 0.07, 0.89, 0.07, 0.89, 0.07
10-19-22_06:14:22, configs/celeba/ResNet18sparse_celeba_sc.yml, random_tickets2, 128,0.01,cosine_lr,0.001, logistic,0.12,dp,0.52, 0.00, 0.52, 0.00, 0.52, 0.00
10-19-22_06:33:02, configs/celeba/ResNet18sparse_celeba_sc.yml, random_tickets2, 128,0.01,cosine_lr,0.001, logistic,0.18,dp,0.52, 0.00, 0.52, 0.00, 0.52, -0.00
10-19-22_06:51:43, configs/celeba/ResNet18sparse_celeba_sc.yml, random_tickets2, 128,0.01,cosine_lr,0.001, logistic,0.24,dp,0.48, 0.00, 0.48, 0.00, 0.48, 0.00
10-19-22_07:10:22, configs/celeba/ResNet18sparse_celeba_sc.yml, random_tickets2, 128,0.01,cosine_lr,0.001, logistic,0.3,dp,0.52, 0.00, 0.52, 0.00, 0.52, 0.00
10-19-22_07:28:54, configs/celeba/ResNet18sparse_celeba_sc.yml, random_tickets2, 128,0.01,cosine_lr,0.001, logistic,0.36,dp,0.52, 0.00, 0.52, 0.00, 0.52, 0.00
10-19-22_07:47:33, configs/celeba/ResNet18sparse_celeba_sc.yml, random_tickets2, 128,0.01,cosine_lr,0.002, logistic,0.0,dp,0.89, 0.14, 0.89, 0.14, 0.88, 0.13
10-19-22_08:06:20, configs/celeba/ResNet18sparse_celeba_sc.yml, random_tickets2, 128,0.01,cosine_lr,0.002, logistic,0.06,dp,0.88, 0.07, 0.88, 0.07, 0.88, 0.07
10-19-22_08:24:59, configs/celeba/ResNet18sparse_celeba_sc.yml, random_tickets2, 128,0.01,cosine_lr,0.002, logistic,0.12,dp,0.88, 0.02, 0.88, 0.02, 0.87, 0.02
10-19-22_08:43:50, configs/celeba/ResNet18sparse_celeba_sc.yml, random_tickets2, 128,0.01,cosine_lr,0.002, logistic,0.18,dp,0.52, 0.00, 0.52, 0.00, 0.52, -0.00
10-19-22_09:02:35, configs/celeba/ResNet18sparse_celeba_sc.yml, random_tickets2, 128,0.01,cosine_lr,0.002, logistic,0.24,dp,0.83, -0.13, 0.83, -0.10, 0.83, -0.11
10-19-22_09:21:01, configs/celeba/ResNet18sparse_celeba_sc.yml, random_tickets2, 128,0.01,cosine_lr,0.002, logistic,0.3,dp,0.79, -0.20, 0.80, -0.12, 0.80, -0.18
10-19-22_09:39:58, configs/celeba/ResNet18sparse_celeba_sc.yml, random_tickets2, 128,0.01,cosine_lr,0.002, logistic,0.36,dp,0.75, -0.30, 0.75, -0.26, 0.77, -0.26
10-19-22_09:58:51, configs/celeba/ResNet18sparse_celeba_sc.yml, random_tickets2, 128,0.01,cosine_lr,0.005, logistic,0.0,dp,0.91, 0.15, 0.91, 0.15, 0.92, 0.14
10-19-22_10:17:41, configs/celeba/ResNet18sparse_celeba_sc.yml, random_tickets2, 128,0.01,cosine_lr,0.005, logistic,0.06,dp,0.91, 0.10, 0.91, 0.10, 0.91, 0.09
10-19-22_10:36:18, configs/celeba/ResNet18sparse_celeba_sc.yml, random_tickets2, 128,0.01,cosine_lr,0.005, logistic,0.12,dp,0.90, 0.04, 0.90, 0.04, 0.90, 0.04
10-19-22_10:55:04, configs/celeba/ResNet18sparse_celeba_sc.yml, random_tickets2, 128,0.01,cosine_lr,0.005, logistic,0.18,dp,0.89, -0.01, 0.89, -0.01, 0.89, -0.02
10-19-22_11:13:48, configs/celeba/ResNet18sparse_celeba_sc.yml, random_tickets2, 128,0.01,cosine_lr,0.005, logistic,0.24,dp,0.87, -0.08, 0.87, -0.08, 0.87, -0.08
10-19-22_11:32:39, configs/celeba/ResNet18sparse_celeba_sc.yml, random_tickets2, 128,0.01,cosine_lr,0.005, logistic,0.3,dp,0.84, -0.16, 0.84, -0.15, 0.84, -0.15
10-19-22_11:51:34, configs/celeba/ResNet18sparse_celeba_sc.yml, random_tickets2, 128,0.01,cosine_lr,0.005, logistic,0.36,dp,0.80, -0.24, 0.80, -0.24, 0.80, -0.24
10-19-22_12:10:26, configs/celeba/ResNet18sparse_celeba_sc.yml, random_tickets2, 128,0.01,cosine_lr,0.01, logistic,0.0,dp,0.92, 0.14, 0.92, 0.14, 0.93, 0.14
10-19-22_12:29:16, configs/celeba/ResNet18sparse_celeba_sc.yml, random_tickets2, 128,0.01,cosine_lr,0.01, logistic,0.06,dp,0.92, 0.11, 0.92, 0.11, 0.92, 0.10
10-19-22_12:48:07, configs/celeba/ResNet18sparse_celeba_sc.yml, random_tickets2, 128,0.01,cosine_lr,0.01, logistic,0.12,dp,0.90, 0.04, 0.91, 0.07, 0.92, 0.06
10-19-22_13:07:00, configs/celeba/ResNet18sparse_celeba_sc.yml, random_tickets2, 128,0.01,cosine_lr,0.01, logistic,0.18,dp,0.90, 0.02, 0.90, 0.02, 0.90, 0.02
10-19-22_13:25:56, configs/celeba/ResNet18sparse_celeba_sc.yml, random_tickets2, 128,0.01,cosine_lr,0.01, logistic,0.24,dp,0.88, -0.05, 0.88, -0.05, 0.89, -0.04
10-19-22_13:44:35, configs/celeba/ResNet18sparse_celeba_sc.yml, random_tickets2, 128,0.01,cosine_lr,0.01, logistic,0.3,dp,0.86, -0.09, 0.86, -0.09, 0.86, -0.12
10-19-22_14:03:17, configs/celeba/ResNet18sparse_celeba_sc.yml, random_tickets2, 128,0.01,cosine_lr,0.01, logistic,0.36,dp,0.82, -0.22, 0.82, -0.22, 0.82, -0.21
10-19-22_14:22:23, configs/celeba/ResNet18sparse_celeba_sc.yml, random_tickets2, 128,0.01,cosine_lr,0.05, logistic,0.0,dp,0.93, 0.14, 0.93, 0.14, 0.94, 0.14
10-19-22_14:40:58, configs/celeba/ResNet18sparse_celeba_sc.yml, random_tickets2, 128,0.01,cosine_lr,0.05, logistic,0.06,dp,0.93, 0.11, 0.93, 0.11, 0.94, 0.11
10-19-22_14:59:39, configs/celeba/ResNet18sparse_celeba_sc.yml, random_tickets2, 128,0.01,cosine_lr,0.05, logistic,0.12,dp,0.92, 0.08, 0.92, 0.07, 0.93, 0.08
10-19-22_15:18:17, configs/celeba/ResNet18sparse_celeba_sc.yml, random_tickets2, 128,0.01,cosine_lr,0.05, logistic,0.18,dp,0.91, 0.02, 0.91, 0.02, 0.92, 0.03
10-19-22_15:37:11, configs/celeba/ResNet18sparse_celeba_sc.yml, random_tickets2, 128,0.01,cosine_lr,0.05, logistic,0.24,dp,0.90, -0.02, 0.90, -0.02, 0.90, -0.02
10-19-22_15:55:48, configs/celeba/ResNet18sparse_celeba_sc.yml, random_tickets2, 128,0.01,cosine_lr,0.05, logistic,0.3,dp,0.88, -0.07, 0.88, -0.07, 0.88, -0.08
10-19-22_16:13:44, configs/celeba/ResNet18sparse_celeba_sc.yml, random_tickets2, 128,0.01,cosine_lr,0.05, logistic,0.36,dp,0.83, -0.19, 0.83, -0.19, 0.84, -0.19
10-19-22_16:23:02, configs/celeba/ResNet18sparse_celeba_sc.yml, random_tickets2, 128,0.01,cosine_lr,0.1, logistic,0.0,dp,0.93, 0.14, 0.93, 0.14, 0.94, 0.14
10-19-22_16:32:26, configs/celeba/ResNet18sparse_celeba_sc.yml, random_tickets2, 128,0.01,cosine_lr,0.1, logistic,0.06,dp,0.93, 0.10, 0.93, 0.10, 0.94, 0.11
10-19-22_16:41:59, configs/celeba/ResNet18sparse_celeba_sc.yml, random_tickets2, 128,0.01,cosine_lr,0.1, logistic,0.12,dp,0.92, 0.06, 0.92, 0.06, 0.93, 0.08
10-19-22_16:51:30, configs/celeba/ResNet18sparse_celeba_sc.yml, random_tickets2, 128,0.01,cosine_lr,0.1, logistic,0.18,dp,0.91, 0.03, 0.91, 0.03, 0.92, 0.03
10-19-22_17:01:03, configs/celeba/ResNet18sparse_celeba_sc.yml, random_tickets2, 128,0.01,cosine_lr,0.1, logistic,0.24,dp,0.88, -0.05, 0.89, -0.06, 0.90, -0.02
10-19-22_17:10:43, configs/celeba/ResNet18sparse_celeba_sc.yml, random_tickets2, 128,0.01,cosine_lr,0.1, logistic,0.3,dp,0.88, -0.06, 0.88, -0.06, 0.88, -0.08
10-19-22_17:20:27, configs/celeba/ResNet18sparse_celeba_sc.yml, random_tickets2, 128,0.01,cosine_lr,0.1, logistic,0.36,dp,0.83, -0.18, 0.83, -0.18, 0.84, -0.19
10-19-22_17:30:10, configs/celeba/ResNet18sparse_celeba_sc.yml, random_tickets2, 128,0.01,cosine_lr,0.4, logistic,0.0,dp,0.93, 0.15, 0.93, 0.15, 0.94, 0.14
10-19-22_17:39:46, configs/celeba/ResNet18sparse_celeba_sc.yml, random_tickets2, 128,0.01,cosine_lr,0.4, logistic,0.06,dp,0.92, 0.11, 0.92, 0.10, 0.94, 0.11
10-19-22_17:49:20, configs/celeba/ResNet18sparse_celeba_sc.yml, random_tickets2, 128,0.01,cosine_lr,0.4, logistic,0.12,dp,0.92, 0.07, 0.92, 0.07, 0.93, 0.08
10-19-22_17:58:43, configs/celeba/ResNet18sparse_celeba_sc.yml, random_tickets2, 128,0.01,cosine_lr,0.4, logistic,0.18,dp,0.91, 0.04, 0.91, 0.04, 0.92, 0.03
10-19-22_18:08:04, configs/celeba/ResNet18sparse_celeba_sc.yml, random_tickets2, 128,0.01,cosine_lr,0.4, logistic,0.24,dp,0.89, -0.03, 0.89, -0.03, 0.90, -0.02
10-19-22_18:17:27, configs/celeba/ResNet18sparse_celeba_sc.yml, random_tickets2, 128,0.01,cosine_lr,0.4, logistic,0.3,dp,0.87, -0.09, 0.87, -0.09, 0.88, -0.09
10-19-22_18:26:56, configs/celeba/ResNet18sparse_celeba_sc.yml, random_tickets2, 128,0.01,cosine_lr,0.4, logistic,0.36,dp,0.86, -0.10, 0.86, -0.10, 0.84, -0.18
10-19-22_18:36:09, configs/celeba/ResNet18sparse_celeba_sc.yml, random_tickets2, 128,0.01,cosine_lr,0.8, logistic,0.0,dp,0.93, 0.13, 0.93, 0.12, 0.94, 0.14
10-19-22_18:45:20, configs/celeba/ResNet18sparse_celeba_sc.yml, random_tickets2, 128,0.01,cosine_lr,0.8, logistic,0.06,dp,0.93, 0.09, 0.93, 0.09, 0.94, 0.11
10-19-22_18:54:32, configs/celeba/ResNet18sparse_celeba_sc.yml, random_tickets2, 128,0.01,cosine_lr,0.8, logistic,0.12,dp,0.92, 0.06, 0.92, 0.08, 0.93, 0.08
10-19-22_19:04:07, configs/celeba/ResNet18sparse_celeba_sc.yml, random_tickets2, 128,0.01,cosine_lr,0.8, logistic,0.18,dp,0.91, 0.03, 0.91, 0.03, 0.92, 0.03
10-19-22_19:13:42, configs/celeba/ResNet18sparse_celeba_sc.yml, random_tickets2, 128,0.01,cosine_lr,0.8, logistic,0.24,dp,0.89, -0.04, 0.89, -0.04, 0.91, -0.02
10-19-22_19:23:18, configs/celeba/ResNet18sparse_celeba_sc.yml, random_tickets2, 128,0.01,cosine_lr,0.8, logistic,0.3,dp,0.85, -0.14, 0.87, -0.09, 0.88, -0.09
10-19-22_19:32:44, configs/celeba/ResNet18sparse_celeba_sc.yml, random_tickets2, 128,0.01,cosine_lr,0.8, logistic,0.36,dp,0.85, -0.12, 0.85, -0.12, 0.84, -0.20
10-19-22_19:42:10, configs/celeba/ResNet18sparse_celeba_sc.yml, random_tickets2, 128,0.01,cosine_lr,0.9, logistic,0.0,dp,0.93, 0.13, 0.93, 0.13, 0.94, 0.14
10-19-22_19:51:26, configs/celeba/ResNet18sparse_celeba_sc.yml, random_tickets2, 128,0.01,cosine_lr,0.9, logistic,0.06,dp,0.93, 0.10, 0.93, 0.10, 0.94, 0.11
10-19-22_20:00:51, configs/celeba/ResNet18sparse_celeba_sc.yml, random_tickets2, 128,0.01,cosine_lr,0.9, logistic,0.12,dp,0.92, 0.07, 0.92, 0.07, 0.93, 0.08
10-19-22_20:10:20, configs/celeba/ResNet18sparse_celeba_sc.yml, random_tickets2, 128,0.01,cosine_lr,0.9, logistic,0.18,dp,0.91, 0.04, 0.91, 0.04, 0.92, 0.03
10-19-22_20:19:40, configs/celeba/ResNet18sparse_celeba_sc.yml, random_tickets2, 128,0.01,cosine_lr,0.9, logistic,0.24,dp,0.90, -0.00, 0.90, -0.00, 0.91, -0.02
10-19-22_20:28:49, configs/celeba/ResNet18sparse_celeba_sc.yml, random_tickets2, 128,0.01,cosine_lr,0.9, logistic,0.3,dp,0.88, -0.05, 0.88, -0.05, 0.87, -0.10
10-19-22_20:37:50, configs/celeba/ResNet18sparse_celeba_sc.yml, random_tickets2, 128,0.01,cosine_lr,0.9, logistic,0.36,dp,0.79, -0.28, 0.86, -0.11, 0.84, -0.19
10-19-22_20:46:55, configs/celeba/ResNet18sparse_celeba_sc.yml, random_tickets2, 128,0.01,cosine_lr,0.95, logistic,0.0,dp,0.93, 0.14, 0.93, 0.13, 0.94, 0.14
10-19-22_20:56:02, configs/celeba/ResNet18sparse_celeba_sc.yml, random_tickets2, 128,0.01,cosine_lr,0.95, logistic,0.06,dp,0.93, 0.09, 0.93, 0.09, 0.94, 0.11
10-19-22_21:05:05, configs/celeba/ResNet18sparse_celeba_sc.yml, random_tickets2, 128,0.01,cosine_lr,0.95, logistic,0.12,dp,0.91, 0.05, 0.91, 0.05, 0.93, 0.08
10-19-22_21:14:14, configs/celeba/ResNet18sparse_celeba_sc.yml, random_tickets2, 128,0.01,cosine_lr,0.95, logistic,0.18,dp,0.91, 0.05, 0.91, 0.05, 0.92, 0.04
10-19-22_21:23:19, configs/celeba/ResNet18sparse_celeba_sc.yml, random_tickets2, 128,0.01,cosine_lr,0.95, logistic,0.24,dp,0.89, -0.04, 0.89, -0.04, 0.90, -0.02
10-19-22_21:32:33, configs/celeba/ResNet18sparse_celeba_sc.yml, random_tickets2, 128,0.01,cosine_lr,0.95, logistic,0.3,dp,0.86, -0.11, 0.86, -0.11, 0.88, -0.10
10-19-22_21:41:36, configs/celeba/ResNet18sparse_celeba_sc.yml, random_tickets2, 128,0.01,cosine_lr,0.95, logistic,0.36,dp,0.82, -0.22, 0.83, -0.20, 0.83, -0.20
10-19-22_21:50:35, configs/celeba/ResNet18sparse_celeba_sc.yml, random_tickets2, 128,0.01,cosine_lr,0.001, logistic,0.0,dp,0.48, 0.00, 0.48, 0.00, 0.48, 0.00
10-19-22_21:59:33, configs/celeba/ResNet18sparse_celeba_sc.yml, random_tickets2, 128,0.01,cosine_lr,0.002, logistic,0.06,dp,0.88, 0.07, 0.88, 0.07, 0.87, 0.07
10-19-22_22:08:28, configs/celeba/ResNet18sparse_celeba_sc.yml, random_tickets2, 128,0.01,cosine_lr,0.001, logistic,0.12,dp,0.48, 0.00, 0.48, 0.00, 0.48, 0.00
10-19-22_22:17:16, configs/celeba/ResNet18sparse_celeba_sc.yml, random_tickets2, 128,0.01,cosine_lr,0.001, logistic,0.18,dp,0.52, 0.00, 0.52, 0.00, 0.52, 0.00
10-19-22_22:25:59, configs/celeba/ResNet18sparse_celeba_sc.yml, random_tickets2, 128,0.01,cosine_lr,0.001, logistic,0.24,dp,0.48, 0.00, 0.48, 0.00, 0.48, 0.00
10-19-22_22:34:45, configs/celeba/ResNet18sparse_celeba_sc.yml, random_tickets2, 128,0.01,cosine_lr,0.001, logistic,0.3,dp,0.52, 0.00, 0.52, 0.00, 0.52, -0.00
10-19-22_22:43:38, configs/celeba/ResNet18sparse_celeba_sc.yml, random_tickets2, 128,0.01,cosine_lr,0.001, logistic,0.36,dp,0.52, 0.00, 0.52, 0.00, 0.52, 0.00
10-19-22_22:52:30, configs/celeba/ResNet18sparse_celeba_sc.yml, random_tickets2, 128,0.01,cosine_lr,0.002, logistic,0.0,dp,0.89, 0.14, 0.89, 0.14, 0.89, 0.14
10-19-22_23:01:29, configs/celeba/ResNet18sparse_celeba_sc.yml, random_tickets2, 128,0.01,cosine_lr,0.002, logistic,0.06,dp,0.89, 0.09, 0.89, 0.09, 0.88, 0.08
10-19-22_23:10:40, configs/celeba/ResNet18sparse_celeba_sc.yml, random_tickets2, 128,0.01,cosine_lr,0.002, logistic,0.12,dp,0.87, 0.00, 0.87, 0.00, 0.87, 0.01
10-19-22_23:19:36, configs/celeba/ResNet18sparse_celeba_sc.yml, random_tickets2, 128,0.01,cosine_lr,0.002, logistic,0.18,dp,0.86, -0.05, 0.86, -0.05, 0.86, -0.05
10-19-22_23:28:25, configs/celeba/ResNet18sparse_celeba_sc.yml, random_tickets2, 128,0.01,cosine_lr,0.002, logistic,0.24,dp,0.83, -0.12, 0.83, -0.12, 0.83, -0.11
10-19-22_23:37:14, configs/celeba/ResNet18sparse_celeba_sc.yml, random_tickets2, 128,0.01,cosine_lr,0.002, logistic,0.3,dp,0.81, -0.18, 0.81, -0.16, 0.81, -0.18
10-19-22_23:46:19, configs/celeba/ResNet18sparse_celeba_sc.yml, random_tickets2, 128,0.01,cosine_lr,0.002, logistic,0.36,dp,0.77, -0.27, 0.77, -0.27, 0.76, -0.27
10-19-22_23:55:11, configs/celeba/ResNet18sparse_celeba_sc.yml, random_tickets2, 128,0.01,cosine_lr,0.005, logistic,0.0,dp,0.91, 0.14, 0.91, 0.14, 0.92, 0.14
10-20-22_00:04:07, configs/celeba/ResNet18sparse_celeba_sc.yml, random_tickets2, 128,0.01,cosine_lr,0.005, logistic,0.06,dp,0.91, 0.09, 0.91, 0.09, 0.91, 0.09
10-20-22_00:12:59, configs/celeba/ResNet18sparse_celeba_sc.yml, random_tickets2, 128,0.01,cosine_lr,0.005, logistic,0.12,dp,0.90, 0.03, 0.90, 0.03, 0.90, 0.04
10-20-22_00:21:52, configs/celeba/ResNet18sparse_celeba_sc.yml, random_tickets2, 128,0.01,cosine_lr,0.005, logistic,0.18,dp,0.88, -0.04, 0.88, -0.04, 0.88, -0.02
10-20-22_00:30:48, configs/celeba/ResNet18sparse_celeba_sc.yml, random_tickets2, 128,0.01,cosine_lr,0.005, logistic,0.24,dp,0.86, -0.08, 0.86, -0.08, 0.86, -0.09
10-20-22_00:39:49, configs/celeba/ResNet18sparse_celeba_sc.yml, random_tickets2, 128,0.01,cosine_lr,0.005, logistic,0.3,dp,0.84, -0.15, 0.84, -0.15, 0.83, -0.16
10-20-22_00:48:55, configs/celeba/ResNet18sparse_celeba_sc.yml, random_tickets2, 128,0.01,cosine_lr,0.005, logistic,0.36,dp,0.79, -0.25, 0.79, -0.25, 0.80, -0.24
10-20-22_00:57:55, configs/celeba/ResNet18sparse_celeba_sc.yml, random_tickets2, 128,0.01,cosine_lr,0.01, logistic,0.0,dp,0.92, 0.15, 0.92, 0.15, 0.93, 0.14
10-20-22_01:06:57, configs/celeba/ResNet18sparse_celeba_sc.yml, random_tickets2, 128,0.01,cosine_lr,0.01, logistic,0.06,dp,0.92, 0.10, 0.92, 0.10, 0.92, 0.10
10-20-22_01:16:14, configs/celeba/ResNet18sparse_celeba_sc.yml, random_tickets2, 128,0.01,cosine_lr,0.01, logistic,0.12,dp,0.92, 0.06, 0.92, 0.06, 0.92, 0.07
10-20-22_01:25:22, configs/celeba/ResNet18sparse_celeba_sc.yml, random_tickets2, 128,0.01,cosine_lr,0.01, logistic,0.18,dp,0.90, 0.03, 0.90, 0.03, 0.91, 0.02
10-20-22_01:34:41, configs/celeba/ResNet18sparse_celeba_sc.yml, random_tickets2, 128,0.01,cosine_lr,0.01, logistic,0.24,dp,0.88, -0.05, 0.88, -0.05, 0.89, -0.04
10-20-22_01:44:05, configs/celeba/ResNet18sparse_celeba_sc.yml, random_tickets2, 128,0.01,cosine_lr,0.01, logistic,0.3,dp,0.86, -0.12, 0.86, -0.08, 0.86, -0.12
10-20-22_01:53:20, configs/celeba/ResNet18sparse_celeba_sc.yml, random_tickets2, 128,0.01,cosine_lr,0.01, logistic,0.36,dp,0.80, -0.26, 0.80, -0.26, 0.82, -0.20
10-20-22_02:02:41, configs/celeba/ResNet18sparse_celeba_sc.yml, random_tickets2, 128,0.01,cosine_lr,0.05, logistic,0.0,dp,0.93, 0.14, 0.93, 0.14, 0.94, 0.14
10-20-22_02:12:03, configs/celeba/ResNet18sparse_celeba_sc.yml, random_tickets2, 128,0.01,cosine_lr,0.05, logistic,0.06,dp,0.93, 0.10, 0.93, 0.10, 0.93, 0.11
10-20-22_02:21:12, configs/celeba/ResNet18sparse_celeba_sc.yml, random_tickets2, 128,0.01,cosine_lr,0.05, logistic,0.12,dp,0.92, 0.08, 0.92, 0.08, 0.93, 0.07
10-20-22_02:30:11, configs/celeba/ResNet18sparse_celeba_sc.yml, random_tickets2, 128,0.01,cosine_lr,0.05, logistic,0.18,dp,0.92, 0.05, 0.92, 0.05, 0.92, 0.04
10-20-22_02:39:18, configs/celeba/ResNet18sparse_celeba_sc.yml, random_tickets2, 128,0.01,cosine_lr,0.05, logistic,0.24,dp,0.88, -0.04, 0.88, -0.04, 0.90, -0.02
10-20-22_02:48:19, configs/celeba/ResNet18sparse_celeba_sc.yml, random_tickets2, 128,0.01,cosine_lr,0.05, logistic,0.3,dp,0.85, -0.14, 0.85, -0.14, 0.88, -0.09
10-20-22_02:57:19, configs/celeba/ResNet18sparse_celeba_sc.yml, random_tickets2, 128,0.01,cosine_lr,0.05, logistic,0.36,dp,0.80, -0.25, 0.83, -0.17, 0.84, -0.18
10-20-22_03:06:21, configs/celeba/ResNet18sparse_celeba_sc.yml, random_tickets2, 128,0.01,cosine_lr,0.1, logistic,0.0,dp,0.93, 0.13, 0.93, 0.13, 0.94, 0.14
10-20-22_03:15:22, configs/celeba/ResNet18sparse_celeba_sc.yml, random_tickets2, 128,0.01,cosine_lr,0.1, logistic,0.06,dp,0.93, 0.09, 0.93, 0.09, 0.94, 0.11
10-20-22_03:24:16, configs/celeba/ResNet18sparse_celeba_sc.yml, random_tickets2, 128,0.01,cosine_lr,0.1, logistic,0.12,dp,0.92, 0.08, 0.92, 0.08, 0.93, 0.08
10-20-22_03:33:13, configs/celeba/ResNet18sparse_celeba_sc.yml, random_tickets2, 128,0.01,cosine_lr,0.1, logistic,0.18,dp,0.91, 0.04, 0.92, 0.06, 0.92, 0.04
10-20-22_03:42:06, configs/celeba/ResNet18sparse_celeba_sc.yml, random_tickets2, 128,0.01,cosine_lr,0.1, logistic,0.24,dp,0.90, -0.00, 0.90, 0.00, 0.91, -0.01
10-20-22_03:51:00, configs/celeba/ResNet18sparse_celeba_sc.yml, random_tickets2, 128,0.01,cosine_lr,0.1, logistic,0.3,dp,0.88, -0.08, 0.88, -0.05, 0.88, -0.08
10-20-22_04:00:03, configs/celeba/ResNet18sparse_celeba_sc.yml, random_tickets2, 128,0.01,cosine_lr,0.1, logistic,0.36,dp,0.84, -0.16, 0.84, -0.16, 0.84, -0.19
10-20-22_04:08:57, configs/celeba/ResNet18sparse_celeba_sc.yml, random_tickets2, 128,0.01,cosine_lr,0.4, logistic,0.0,dp,0.93, 0.15, 0.93, 0.15, 0.94, 0.14
10-20-22_04:17:53, configs/celeba/ResNet18sparse_celeba_sc.yml, random_tickets2, 128,0.01,cosine_lr,0.4, logistic,0.06,dp,0.93, 0.11, 0.93, 0.11, 0.94, 0.11
10-20-22_04:26:51, configs/celeba/ResNet18sparse_celeba_sc.yml, random_tickets2, 128,0.01,cosine_lr,0.4, logistic,0.12,dp,0.92, 0.07, 0.92, 0.07, 0.93, 0.07
10-20-22_04:35:47, configs/celeba/ResNet18sparse_celeba_sc.yml, random_tickets2, 128,0.01,cosine_lr,0.4, logistic,0.18,dp,0.91, 0.06, 0.91, 0.06, 0.92, 0.04
10-20-22_04:44:35, configs/celeba/ResNet18sparse_celeba_sc.yml, random_tickets2, 128,0.01,cosine_lr,0.4, logistic,0.24,dp,0.89, -0.05, 0.91, 0.03, 0.91, -0.01
10-20-22_04:53:30, configs/celeba/ResNet18sparse_celeba_sc.yml, random_tickets2, 128,0.01,cosine_lr,0.4, logistic,0.3,dp,0.85, -0.15, 0.85, -0.15, 0.88, -0.09
10-20-22_05:02:21, configs/celeba/ResNet18sparse_celeba_sc.yml, random_tickets2, 128,0.01,cosine_lr,0.4, logistic,0.36,dp,0.85, -0.13, 0.85, -0.13, 0.84, -0.19
10-20-22_05:11:18, configs/celeba/ResNet18sparse_celeba_sc.yml, random_tickets2, 128,0.01,cosine_lr,0.8, logistic,0.0,dp,0.93, 0.14, 0.93, 0.14, 0.94, 0.14
10-20-22_05:20:18, configs/celeba/ResNet18sparse_celeba_sc.yml, random_tickets2, 128,0.01,cosine_lr,0.8, logistic,0.06,dp,0.93, 0.11, 0.93, 0.11, 0.94, 0.11
10-20-22_05:29:14, configs/celeba/ResNet18sparse_celeba_sc.yml, random_tickets2, 128,0.01,cosine_lr,0.8, logistic,0.12,dp,0.92, 0.07, 0.92, 0.07, 0.93, 0.08
10-20-22_05:38:14, configs/celeba/ResNet18sparse_celeba_sc.yml, random_tickets2, 128,0.01,cosine_lr,0.8, logistic,0.18,dp,0.91, 0.04, 0.91, 0.04, 0.92, 0.04
10-20-22_05:47:12, configs/celeba/ResNet18sparse_celeba_sc.yml, random_tickets2, 128,0.01,cosine_lr,0.8, logistic,0.24,dp,0.87, -0.09, 0.89, -0.03, 0.91, -0.02
10-20-22_05:56:03, configs/celeba/ResNet18sparse_celeba_sc.yml, random_tickets2, 128,0.01,cosine_lr,0.8, logistic,0.3,dp,0.86, -0.13, 0.87, -0.09, 0.88, -0.10
10-20-22_06:05:03, configs/celeba/ResNet18sparse_celeba_sc.yml, random_tickets2, 128,0.01,cosine_lr,0.8, logistic,0.36,dp,0.74, -0.40, 0.87, -0.10, 0.84, -0.20
10-20-22_06:14:02, configs/celeba/ResNet18sparse_celeba_sc.yml, random_tickets2, 128,0.01,cosine_lr,0.9, logistic,0.0,dp,0.93, 0.14, 0.93, 0.14, 0.94, 0.14
10-20-22_06:22:58, configs/celeba/ResNet18sparse_celeba_sc.yml, random_tickets2, 128,0.01,cosine_lr,0.9, logistic,0.06,dp,0.93, 0.11, 0.93, 0.11, 0.94, 0.11
10-20-22_06:31:54, configs/celeba/ResNet18sparse_celeba_sc.yml, random_tickets2, 128,0.01,cosine_lr,0.9, logistic,0.12,dp,0.92, 0.07, 0.92, 0.07, 0.93, 0.08
10-20-22_06:40:44, configs/celeba/ResNet18sparse_celeba_sc.yml, random_tickets2, 128,0.01,cosine_lr,0.9, logistic,0.18,dp,0.91, 0.02, 0.91, 0.04, 0.92, 0.04
10-20-22_06:49:44, configs/celeba/ResNet18sparse_celeba_sc.yml, random_tickets2, 128,0.01,cosine_lr,0.9, logistic,0.24,dp,0.88, -0.04, 0.88, -0.04, 0.90, -0.02
10-20-22_06:58:35, configs/celeba/ResNet18sparse_celeba_sc.yml, random_tickets2, 128,0.01,cosine_lr,0.9, logistic,0.3,dp,0.88, -0.07, 0.90, 0.00, 0.88, -0.09
10-20-22_07:07:35, configs/celeba/ResNet18sparse_celeba_sc.yml, random_tickets2, 128,0.01,cosine_lr,0.9, logistic,0.36,dp,0.84, -0.16, 0.84, -0.16, 0.84, -0.19
10-20-22_07:16:29, configs/celeba/ResNet18sparse_celeba_sc.yml, random_tickets2, 128,0.01,cosine_lr,0.95, logistic,0.0,dp,0.93, 0.13, 0.93, 0.13, 0.94, 0.14
10-20-22_07:25:31, configs/celeba/ResNet18sparse_celeba_sc.yml, random_tickets2, 128,0.01,cosine_lr,0.95, logistic,0.06,dp,0.93, 0.10, 0.93, 0.10, 0.94, 0.11
10-20-22_07:34:21, configs/celeba/ResNet18sparse_celeba_sc.yml, random_tickets2, 128,0.01,cosine_lr,0.95, logistic,0.12,dp,0.89, 0.00, 0.92, 0.05, 0.93, 0.08
10-20-22_07:43:18, configs/celeba/ResNet18sparse_celeba_sc.yml, random_tickets2, 128,0.01,cosine_lr,0.95, logistic,0.18,dp,0.91, 0.04, 0.91, 0.04, 0.92, 0.03
10-20-22_07:52:16, configs/celeba/ResNet18sparse_celeba_sc.yml, random_tickets2, 128,0.01,cosine_lr,0.95, logistic,0.24,dp,0.90, 0.01, 0.90, 0.01, 0.91, -0.02
10-20-22_08:01:11, configs/celeba/ResNet18sparse_celeba_sc.yml, random_tickets2, 128,0.01,cosine_lr,0.95, logistic,0.3,dp,0.84, -0.17, 0.87, -0.08, 0.88, -0.09
10-20-22_08:10:03, configs/celeba/ResNet18sparse_celeba_sc.yml, random_tickets2, 128,0.01,cosine_lr,0.95, logistic,0.36,dp,0.79, -0.27, 0.83, -0.19, 0.84, -0.19
10-20-22_08:18:54, configs/celeba/ResNet18sparse_celeba_sc.yml, random_tickets2, 128,0.01,cosine_lr,0.001, logistic,0.0,dp,0.48, 0.00, 0.48, 0.00, 0.48, 0.00
10-20-22_08:27:52, configs/celeba/ResNet18sparse_celeba_sc.yml, random_tickets2, 128,0.01,cosine_lr,0.002, logistic,0.06,dp,0.88, 0.07, 0.88, 0.07, 0.88, 0.07
10-20-22_08:36:33, configs/celeba/ResNet18sparse_celeba_sc.yml, random_tickets2, 128,0.01,cosine_lr,0.001, logistic,0.12,dp,0.52, 0.00, 0.52, 0.00, 0.52, 0.00
10-20-22_08:45:12, configs/celeba/ResNet18sparse_celeba_sc.yml, random_tickets2, 128,0.01,cosine_lr,0.001, logistic,0.18,dp,0.52, -0.00, 0.52, -0.00, 0.52, -0.00
10-20-22_08:53:58, configs/celeba/ResNet18sparse_celeba_sc.yml, random_tickets2, 128,0.01,cosine_lr,0.001, logistic,0.24,dp,0.52, 0.00, 0.52, -0.00, 0.52, -0.00
10-20-22_09:02:43, configs/celeba/ResNet18sparse_celeba_sc.yml, random_tickets2, 128,0.01,cosine_lr,0.001, logistic,0.3,dp,0.52, 0.00, 0.52, 0.00, 0.52, 0.00
10-20-22_09:11:28, configs/celeba/ResNet18sparse_celeba_sc.yml, random_tickets2, 128,0.01,cosine_lr,0.001, logistic,0.36,dp,0.52, -0.00, 0.52, -0.00, 0.52, -0.00
10-20-22_09:20:20, configs/celeba/ResNet18sparse_celeba_sc.yml, random_tickets2, 128,0.01,cosine_lr,0.002, logistic,0.0,dp,0.52, 0.00, 0.52, 0.00, 0.52, 0.00
10-20-22_09:29:16, configs/celeba/ResNet18sparse_celeba_sc.yml, random_tickets2, 128,0.01,cosine_lr,0.002, logistic,0.06,dp,0.89, 0.07, 0.89, 0.07, 0.88, 0.08
10-20-22_09:38:08, configs/celeba/ResNet18sparse_celeba_sc.yml, random_tickets2, 128,0.01,cosine_lr,0.002, logistic,0.12,dp,0.52, 0.00, 0.52, 0.00, 0.53, 0.00
10-20-22_09:46:57, configs/celeba/ResNet18sparse_celeba_sc.yml, random_tickets2, 128,0.01,cosine_lr,0.002, logistic,0.18,dp,0.85, -0.05, 0.85, -0.05, 0.84, -0.05
10-20-22_09:55:40, configs/celeba/ResNet18sparse_celeba_sc.yml, random_tickets2, 128,0.01,cosine_lr,0.002, logistic,0.24,dp,0.54, -0.00, 0.56, 0.00, 0.55, -0.00
10-20-22_10:04:41, configs/celeba/ResNet18sparse_celeba_sc.yml, random_tickets2, 128,0.01,cosine_lr,0.002, logistic,0.3,dp,0.53, -0.01, 0.53, -0.01, 0.53, -0.01
10-20-22_10:13:27, configs/celeba/ResNet18sparse_celeba_sc.yml, random_tickets2, 128,0.01,cosine_lr,0.002, logistic,0.36,dp,0.77, -0.27, 0.77, -0.27, 0.77, -0.26
10-20-22_10:22:21, configs/celeba/ResNet18sparse_celeba_sc.yml, random_tickets2, 128,0.01,cosine_lr,0.005, logistic,0.0,dp,0.91, 0.14, 0.91, 0.14, 0.91, 0.14
10-20-22_10:31:11, configs/celeba/ResNet18sparse_celeba_sc.yml, random_tickets2, 128,0.01,cosine_lr,0.005, logistic,0.06,dp,0.91, 0.10, 0.91, 0.10, 0.91, 0.09
10-20-22_10:40:04, configs/celeba/ResNet18sparse_celeba_sc.yml, random_tickets2, 128,0.01,cosine_lr,0.005, logistic,0.12,dp,0.90, 0.04, 0.90, 0.04, 0.90, 0.05
10-20-22_10:49:04, configs/celeba/ResNet18sparse_celeba_sc.yml, random_tickets2, 128,0.01,cosine_lr,0.005, logistic,0.18,dp,0.89, -0.01, 0.89, -0.01, 0.88, -0.02
10-20-22_10:58:03, configs/celeba/ResNet18sparse_celeba_sc.yml, random_tickets2, 128,0.01,cosine_lr,0.005, logistic,0.24,dp,0.85, -0.12, 0.86, -0.08, 0.87, -0.08
10-20-22_11:07:00, configs/celeba/ResNet18sparse_celeba_sc.yml, random_tickets2, 128,0.01,cosine_lr,0.005, logistic,0.3,dp,0.84, -0.15, 0.84, -0.15, 0.84, -0.15
10-20-22_11:15:56, configs/celeba/ResNet18sparse_celeba_sc.yml, random_tickets2, 128,0.01,cosine_lr,0.005, logistic,0.36,dp,0.80, -0.24, 0.80, -0.24, 0.80, -0.23
10-20-22_11:24:43, configs/celeba/ResNet18sparse_celeba_sc.yml, random_tickets2, 128,0.01,cosine_lr,0.01, logistic,0.0,dp,0.92, 0.15, 0.92, 0.15, 0.93, 0.14
10-20-22_11:33:48, configs/celeba/ResNet18sparse_celeba_sc.yml, random_tickets2, 128,0.01,cosine_lr,0.01, logistic,0.06,dp,0.92, 0.11, 0.92, 0.11, 0.92, 0.10
10-20-22_11:42:43, configs/celeba/ResNet18sparse_celeba_sc.yml, random_tickets2, 128,0.01,cosine_lr,0.01, logistic,0.12,dp,0.92, 0.07, 0.92, 0.07, 0.92, 0.06
10-20-22_11:51:36, configs/celeba/ResNet18sparse_celeba_sc.yml, random_tickets2, 128,0.01,cosine_lr,0.01, logistic,0.18,dp,0.90, -0.00, 0.90, 0.04, 0.91, 0.02
10-20-22_12:00:36, configs/celeba/ResNet18sparse_celeba_sc.yml, random_tickets2, 128,0.01,cosine_lr,0.01, logistic,0.24,dp,0.85, -0.10, 0.88, -0.05, 0.88, -0.04
10-20-22_12:09:30, configs/celeba/ResNet18sparse_celeba_sc.yml, random_tickets2, 128,0.01,cosine_lr,0.01, logistic,0.3,dp,0.86, -0.10, 0.86, -0.10, 0.86, -0.12
10-20-22_12:19:04, configs/celeba/ResNet18sparse_celeba_sc.yml, random_tickets2, 128,0.01,cosine_lr,0.01, logistic,0.36,dp,0.79, -0.27, 0.81, -0.21, 0.82, -0.20
10-20-22_12:28:17, configs/celeba/ResNet18sparse_celeba_sc.yml, random_tickets2, 128,0.01,cosine_lr,0.05, logistic,0.0,dp,0.93, 0.14, 0.93, 0.14, 0.94, 0.14
10-20-22_12:37:22, configs/celeba/ResNet18sparse_celeba_sc.yml, random_tickets2, 128,0.01,cosine_lr,0.05, logistic,0.06,dp,0.93, 0.11, 0.93, 0.11, 0.94, 0.11
10-20-22_12:46:16, configs/celeba/ResNet18sparse_celeba_sc.yml, random_tickets2, 128,0.01,cosine_lr,0.05, logistic,0.12,dp,0.92, 0.06, 0.92, 0.06, 0.93, 0.07
10-20-22_12:55:11, configs/celeba/ResNet18sparse_celeba_sc.yml, random_tickets2, 128,0.01,cosine_lr,0.05, logistic,0.18,dp,0.91, 0.03, 0.91, 0.03, 0.92, 0.03
10-20-22_13:04:02, configs/celeba/ResNet18sparse_celeba_sc.yml, random_tickets2, 128,0.01,cosine_lr,0.05, logistic,0.24,dp,0.90, 0.01, 0.90, 0.01, 0.90, -0.01
10-20-22_13:12:43, configs/celeba/ResNet18sparse_celeba_sc.yml, random_tickets2, 128,0.01,cosine_lr,0.05, logistic,0.3,dp,0.87, -0.08, 0.87, -0.08, 0.88, -0.08
10-20-22_13:21:36, configs/celeba/ResNet18sparse_celeba_sc.yml, random_tickets2, 128,0.01,cosine_lr,0.05, logistic,0.36,dp,0.78, -0.32, 0.80, -0.26, 0.84, -0.18
10-20-22_13:30:37, configs/celeba/ResNet18sparse_celeba_sc.yml, random_tickets2, 128,0.01,cosine_lr,0.1, logistic,0.0,dp,0.93, 0.15, 0.93, 0.15, 0.94, 0.14
10-20-22_13:39:26, configs/celeba/ResNet18sparse_celeba_sc.yml, random_tickets2, 128,0.01,cosine_lr,0.1, logistic,0.06,dp,0.93, 0.11, 0.93, 0.11, 0.94, 0.11
10-20-22_13:48:21, configs/celeba/ResNet18sparse_celeba_sc.yml, random_tickets2, 128,0.01,cosine_lr,0.1, logistic,0.12,dp,0.92, 0.08, 0.92, 0.08, 0.93, 0.08
10-20-22_13:57:10, configs/celeba/ResNet18sparse_celeba_sc.yml, random_tickets2, 128,0.01,cosine_lr,0.1, logistic,0.18,dp,0.91, 0.03, 0.91, 0.03, 0.92, 0.03
10-20-22_14:06:08, configs/celeba/ResNet18sparse_celeba_sc.yml, random_tickets2, 128,0.01,cosine_lr,0.1, logistic,0.24,dp,0.87, -0.09, 0.87, -0.02, 0.91, -0.01
10-20-22_14:15:07, configs/celeba/ResNet18sparse_celeba_sc.yml, random_tickets2, 128,0.01,cosine_lr,0.1, logistic,0.3,dp,0.85, -0.13, 0.87, -0.10, 0.88, -0.08
10-20-22_14:24:08, configs/celeba/ResNet18sparse_celeba_sc.yml, random_tickets2, 128,0.01,cosine_lr,0.1, logistic,0.36,dp,0.85, -0.14, 0.85, -0.14, 0.84, -0.19
10-20-22_14:32:56, configs/celeba/ResNet18sparse_celeba_sc.yml, random_tickets2, 128,0.01,cosine_lr,0.4, logistic,0.0,dp,0.92, 0.14, 0.93, 0.15, 0.94, 0.14
10-20-22_14:41:45, configs/celeba/ResNet18sparse_celeba_sc.yml, random_tickets2, 128,0.01,cosine_lr,0.4, logistic,0.06,dp,0.93, 0.10, 0.93, 0.10, 0.94, 0.11
10-20-22_14:50:42, configs/celeba/ResNet18sparse_celeba_sc.yml, random_tickets2, 128,0.01,cosine_lr,0.4, logistic,0.12,dp,0.92, 0.08, 0.92, 0.08, 0.93, 0.08
10-20-22_14:59:42, configs/celeba/ResNet18sparse_celeba_sc.yml, random_tickets2, 128,0.01,cosine_lr,0.4, logistic,0.18,dp,0.84, -0.10, 0.89, -0.02, 0.92, 0.04
10-20-22_15:08:39, configs/celeba/ResNet18sparse_celeba_sc.yml, random_tickets2, 128,0.01,cosine_lr,0.4, logistic,0.24,dp,0.89, -0.03, 0.89, -0.03, 0.91, -0.02
10-20-22_15:17:23, configs/celeba/ResNet18sparse_celeba_sc.yml, random_tickets2, 128,0.01,cosine_lr,0.4, logistic,0.3,dp,0.85, -0.13, 0.86, -0.13, 0.88, -0.08
10-20-22_15:26:14, configs/celeba/ResNet18sparse_celeba_sc.yml, random_tickets2, 128,0.01,cosine_lr,0.4, logistic,0.36,dp,0.83, -0.21, 0.85, -0.14, 0.84, -0.19
10-20-22_15:35:13, configs/celeba/ResNet18sparse_celeba_sc.yml, random_tickets2, 128,0.01,cosine_lr,0.8, logistic,0.0,dp,0.92, 0.14, 0.93, 0.14, 0.94, 0.14
10-20-22_15:44:04, configs/celeba/ResNet18sparse_celeba_sc.yml, random_tickets2, 128,0.01,cosine_lr,0.8, logistic,0.06,dp,0.92, 0.09, 0.93, 0.11, 0.94, 0.11
10-20-22_15:52:56, configs/celeba/ResNet18sparse_celeba_sc.yml, random_tickets2, 128,0.01,cosine_lr,0.8, logistic,0.12,dp,0.92, 0.05, 0.92, 0.09, 0.93, 0.08
10-20-22_16:01:49, configs/celeba/ResNet18sparse_celeba_sc.yml, random_tickets2, 128,0.01,cosine_lr,0.8, logistic,0.18,dp,0.91, 0.04, 0.91, 0.04, 0.92, 0.03
10-20-22_16:10:40, configs/celeba/ResNet18sparse_celeba_sc.yml, random_tickets2, 128,0.01,cosine_lr,0.8, logistic,0.24,dp,0.87, -0.06, 0.89, -0.03, 0.91, -0.02
10-20-22_16:19:36, configs/celeba/ResNet18sparse_celeba_sc.yml, random_tickets2, 128,0.01,cosine_lr,0.8, logistic,0.3,dp,0.83, -0.20, 0.84, -0.12, 0.88, -0.10
10-20-22_16:28:58, configs/celeba/ResNet18sparse_celeba_sc.yml, random_tickets2, 128,0.01,cosine_lr,0.8, logistic,0.36,dp,0.86, -0.12, 0.86, -0.12, 0.84, -0.19
10-20-22_16:38:00, configs/celeba/ResNet18sparse_celeba_sc.yml, random_tickets2, 128,0.01,cosine_lr,0.9, logistic,0.0,dp,0.92, 0.13, 0.93, 0.13, 0.94, 0.14
10-20-22_16:47:11, configs/celeba/ResNet18sparse_celeba_sc.yml, random_tickets2, 128,0.01,cosine_lr,0.9, logistic,0.06,dp,0.93, 0.10, 0.93, 0.12, 0.94, 0.11
10-20-22_16:56:06, configs/celeba/ResNet18sparse_celeba_sc.yml, random_tickets2, 128,0.01,cosine_lr,0.9, logistic,0.12,dp,0.92, 0.08, 0.92, 0.08, 0.93, 0.08
10-20-22_17:05:03, configs/celeba/ResNet18sparse_celeba_sc.yml, random_tickets2, 128,0.01,cosine_lr,0.9, logistic,0.18,dp,0.88, -0.03, 0.91, 0.03, 0.92, 0.04
10-20-22_17:13:57, configs/celeba/ResNet18sparse_celeba_sc.yml, random_tickets2, 128,0.01,cosine_lr,0.9, logistic,0.24,dp,0.89, -0.03, 0.89, -0.01, 0.91, -0.01
10-20-22_17:22:51, configs/celeba/ResNet18sparse_celeba_sc.yml, random_tickets2, 128,0.01,cosine_lr,0.9, logistic,0.3,dp,0.88, -0.05, 0.88, -0.05, 0.88, -0.09
10-20-22_17:31:47, configs/celeba/ResNet18sparse_celeba_sc.yml, random_tickets2, 128,0.01,cosine_lr,0.9, logistic,0.36,dp,0.84, -0.15, 0.84, -0.14, 0.84, -0.19
10-20-22_17:40:39, configs/celeba/ResNet18sparse_celeba_sc.yml, random_tickets2, 128,0.01,cosine_lr,0.95, logistic,0.0,dp,0.93, 0.14, 0.93, 0.14, 0.94, 0.14
10-20-22_17:49:35, configs/celeba/ResNet18sparse_celeba_sc.yml, random_tickets2, 128,0.01,cosine_lr,0.95, logistic,0.06,dp,0.93, 0.10, 0.93, 0.10, 0.94, 0.11
10-20-22_17:58:34, configs/celeba/ResNet18sparse_celeba_sc.yml, random_tickets2, 128,0.01,cosine_lr,0.95, logistic,0.12,dp,0.92, 0.08, 0.92, 0.08, 0.93, 0.08
10-20-22_18:07:29, configs/celeba/ResNet18sparse_celeba_sc.yml, random_tickets2, 128,0.01,cosine_lr,0.95, logistic,0.18,dp,0.91, 0.04, 0.91, 0.04, 0.92, 0.04
10-20-22_18:16:21, configs/celeba/ResNet18sparse_celeba_sc.yml, random_tickets2, 128,0.01,cosine_lr,0.95, logistic,0.24,dp,0.90, -0.02, 0.90, -0.02, 0.90, -0.03
10-20-22_18:25:11, configs/celeba/ResNet18sparse_celeba_sc.yml, random_tickets2, 128,0.01,cosine_lr,0.95, logistic,0.3,dp,0.88, -0.08, 0.88, -0.06, 0.88, -0.09
10-20-22_18:34:08, configs/celeba/ResNet18sparse_celeba_sc.yml, random_tickets2, 128,0.01,cosine_lr,0.95, logistic,0.36,dp,0.82, -0.17, 0.84, -0.16, 0.83, -0.20
10-20-22_21:41:58, configs/celeba/ResNet18sparse_celeba_sc.yml, random_tickets2, 128,0.01,cosine_lr,0.001, logistic,0.06,dp,0.48, 0.00, 0.48, 0.00, 0.48, 0.00
10-20-22_21:50:35, configs/celeba/ResNet18sparse_celeba_sc.yml, random_tickets2, 128,0.01,cosine_lr,0.001, logistic,0.06,dp,0.52, 0.00, 0.52, 0.00, 0.52, 0.00
10-20-22_21:59:11, configs/celeba/ResNet18sparse_celeba_sc.yml, random_tickets2, 128,0.01,cosine_lr,0.001, logistic,0.06,dp,0.48, 0.00, 0.48, 0.00, 0.48, 0.00
