Date Finished, Base Config, Name, Batch Size,Learning Rate,LR Policy,Prune Rate, fair Regularization,lam fair,fair type,Current Val Top 1, Current Val Unfairness, Best Val Top 1, Best Val Unfairness, Best Train Top 1, Best Train Unfairness
11-02-22_21:38:06, configs/celeba/ResNet18pretrained_celeba_ft_subnet_inherit.yml, LFW_to_CelebA, 128,0.01,cosine_lr,0.001, logistic,0.0,dp,0.83, 0.16, 0.83, 0.16, 0.80, 0.14
11-02-22_22:17:29, configs/celeba/ResNet18pretrained_celeba_ft_subnet_inherit.yml, LFW_to_CelebA, 128,0.01,cosine_lr,0.001, logistic,0.0,dp,0.87, 0.16, 0.87, 0.16, 0.86, 0.15
11-02-22_22:38:10, configs/celeba/ResNet18pretrained_celeba_ft_subnet_inherit.yml, LFW_to_CelebA, 128,0.01,cosine_lr,0.001, logistic,0.06,dp,0.86, 0.14, 0.86, 0.14, 0.85, 0.13
11-02-22_22:57:15, configs/celeba/ResNet18pretrained_celeba_ft_subnet_inherit.yml, LFW_to_CelebA, 128,0.01,cosine_lr,0.001, logistic,0.12,dp,0.83, 0.09, 0.83, 0.09, 0.83, 0.10
11-02-22_23:18:26, configs/celeba/ResNet18pretrained_celeba_ft_subnet_inherit.yml, LFW_to_CelebA, 128,0.01,cosine_lr,0.001, logistic,0.18,dp,0.83, 0.08, 0.84, 0.05, 0.82, 0.07
11-02-22_23:39:36, configs/celeba/ResNet18pretrained_celeba_ft_subnet_inherit.yml, LFW_to_CelebA, 128,0.01,cosine_lr,0.001, logistic,0.24,dp,0.79, 0.02, 0.79, 0.02, 0.81, 0.02
11-03-22_00:00:13, configs/celeba/ResNet18pretrained_celeba_ft_subnet_inherit.yml, LFW_to_CelebA, 128,0.01,cosine_lr,0.001, logistic,0.3,dp,0.76, -0.06, 0.77, -0.04, 0.78, -0.05
11-03-22_12:39:21, configs/celeba/ResNet18pretrained_celeba_ft_subnet_inherit.yml, LFW_to_CelebA, 128,0.01,cosine_lr,0.001, logistic,0.0,dp,0.84, 0.15, 0.84, 0.14, 0.81, 0.14
11-03-22_12:56:59, configs/celeba/ResNet18pretrained_celeba_ft_subnet_inherit.yml, LFW_to_CelebA, 128,0.01,cosine_lr,0.001, logistic,0.06,dp,0.81, 0.12, 0.81, 0.12, 0.79, 0.11
11-03-22_13:14:37, configs/celeba/ResNet18pretrained_celeba_ft_subnet_inherit.yml, LFW_to_CelebA, 128,0.01,cosine_lr,0.001, logistic,0.12,dp,0.77, 0.09, 0.81, 0.07, 0.77, 0.08
11-03-22_13:54:14, configs/celeba/ResNet18pretrained_celeba_ft_subnet_inherit.yml, LFW_to_CelebA, 128,0.01,cosine_lr,0.005, logistic,0.0,dp,0.80, 0.12, 0.80, 0.12, 0.79, 0.12
11-03-22_14:11:54, configs/celeba/ResNet18pretrained_celeba_ft_subnet_inherit.yml, LFW_to_CelebA, 128,0.01,cosine_lr,0.005, logistic,0.06,dp,0.79, 0.08, 0.79, 0.08, 0.77, 0.08
11-03-22_14:29:36, configs/celeba/ResNet18pretrained_celeba_ft_subnet_inherit.yml, LFW_to_CelebA, 128,0.01,cosine_lr,0.005, logistic,0.12,dp,0.71, 0.04, 0.72, 0.08, 0.72, 0.06
11-03-22_14:47:00, configs/celeba/ResNet18pretrained_celeba_ft_subnet_inherit.yml, LFW_to_CelebA, 128,0.01,cosine_lr,0.005, logistic,0.18,dp,0.73, 0.08, 0.73, 0.08, 0.72, 0.06
11-03-22_15:04:34, configs/celeba/ResNet18pretrained_celeba_ft_subnet_inherit.yml, LFW_to_CelebA, 128,0.01,cosine_lr,0.005, logistic,0.24,dp,0.78, 0.07, 0.78, 0.07, 0.70, 0.02
11-03-22_15:22:23, configs/celeba/ResNet18pretrained_celeba_ft_subnet_inherit.yml, LFW_to_CelebA, 128,0.01,cosine_lr,0.005, logistic,0.3,dp,0.71, -0.01, 0.71, -0.01, 0.69, -0.01
11-03-22_15:44:29, configs/celeba/ResNet18pretrained_celeba_ft_subnet_inherit.yml, LFW_to_CelebA, 128,0.01,cosine_lr,0.01, logistic,0.0,dp,0.92, 0.15, 0.92, 0.15, 0.93, 0.14
11-03-22_16:02:03, configs/celeba/ResNet18pretrained_celeba_ft_subnet_inherit.yml, LFW_to_CelebA, 128,0.01,cosine_lr,0.01, logistic,0.06,dp,0.92, 0.11, 0.92, 0.11, 0.93, 0.12
11-03-22_16:19:50, configs/celeba/ResNet18pretrained_celeba_ft_subnet_inherit.yml, LFW_to_CelebA, 128,0.01,cosine_lr,0.01, logistic,0.12,dp,0.92, 0.08, 0.92, 0.08, 0.92, 0.10
11-03-22_16:37:18, configs/celeba/ResNet18pretrained_celeba_ft_subnet_inherit.yml, LFW_to_CelebA, 128,0.01,cosine_lr,0.01, logistic,0.18,dp,0.91, 0.06, 0.91, 0.06, 0.92, 0.06
11-03-22_16:54:37, configs/celeba/ResNet18pretrained_celeba_ft_subnet_inherit.yml, LFW_to_CelebA, 128,0.01,cosine_lr,0.01, logistic,0.24,dp,0.90, 0.02, 0.90, 0.02, 0.91, 0.03
11-03-22_17:11:56, configs/celeba/ResNet18pretrained_celeba_ft_subnet_inherit.yml, LFW_to_CelebA, 128,0.01,cosine_lr,0.01, logistic,0.3,dp,0.89, -0.05, 0.89, -0.05, 0.89, -0.03
11-03-22_17:33:35, configs/celeba/ResNet18pretrained_celeba_ft_subnet_inherit.yml, LFW_to_CelebA, 128,0.01,cosine_lr,0.05, logistic,0.0,dp,0.93, 0.14, 0.93, 0.14, 0.93, 0.14
11-03-22_17:50:55, configs/celeba/ResNet18pretrained_celeba_ft_subnet_inherit.yml, LFW_to_CelebA, 128,0.01,cosine_lr,0.05, logistic,0.06,dp,0.92, 0.10, 0.92, 0.10, 0.93, 0.11
11-03-22_18:08:25, configs/celeba/ResNet18pretrained_celeba_ft_subnet_inherit.yml, LFW_to_CelebA, 128,0.01,cosine_lr,0.05, logistic,0.12,dp,0.92, 0.08, 0.92, 0.08, 0.92, 0.09
11-03-22_18:25:57, configs/celeba/ResNet18pretrained_celeba_ft_subnet_inherit.yml, LFW_to_CelebA, 128,0.01,cosine_lr,0.05, logistic,0.18,dp,0.92, 0.07, 0.92, 0.07, 0.92, 0.06
11-03-22_18:43:22, configs/celeba/ResNet18pretrained_celeba_ft_subnet_inherit.yml, LFW_to_CelebA, 128,0.01,cosine_lr,0.05, logistic,0.24,dp,0.91, 0.02, 0.91, 0.02, 0.91, 0.02
11-03-22_19:01:01, configs/celeba/ResNet18pretrained_celeba_ft_subnet_inherit.yml, LFW_to_CelebA, 128,0.01,cosine_lr,0.05, logistic,0.3,dp,0.90, -0.02, 0.90, -0.02, 0.89, -0.03
11-03-22_19:23:04, configs/celeba/ResNet18pretrained_celeba_ft_subnet_inherit.yml, LFW_to_CelebA, 128,0.01,cosine_lr,0.1, logistic,0.0,dp,0.93, 0.13, 0.93, 0.13, 0.93, 0.14
11-03-22_19:40:45, configs/celeba/ResNet18pretrained_celeba_ft_subnet_inherit.yml, LFW_to_CelebA, 128,0.01,cosine_lr,0.1, logistic,0.06,dp,0.93, 0.10, 0.93, 0.10, 0.93, 0.11
11-03-22_19:58:25, configs/celeba/ResNet18pretrained_celeba_ft_subnet_inherit.yml, LFW_to_CelebA, 128,0.01,cosine_lr,0.1, logistic,0.12,dp,0.92, 0.08, 0.92, 0.08, 0.92, 0.08
11-03-22_20:15:51, configs/celeba/ResNet18pretrained_celeba_ft_subnet_inherit.yml, LFW_to_CelebA, 128,0.01,cosine_lr,0.1, logistic,0.18,dp,0.91, 0.04, 0.91, 0.04, 0.91, 0.05
11-03-22_20:33:24, configs/celeba/ResNet18pretrained_celeba_ft_subnet_inherit.yml, LFW_to_CelebA, 128,0.01,cosine_lr,0.1, logistic,0.24,dp,0.90, 0.00, 0.90, 0.00, 0.90, 0.01
11-03-22_20:50:51, configs/celeba/ResNet18pretrained_celeba_ft_subnet_inherit.yml, LFW_to_CelebA, 128,0.01,cosine_lr,0.1, logistic,0.3,dp,0.89, -0.04, 0.89, -0.04, 0.88, -0.06
11-03-22_21:12:32, configs/celeba/ResNet18pretrained_celeba_ft_subnet_inherit.yml, LFW_to_CelebA, 128,0.01,cosine_lr,0.1, logistic,0.0,dp,0.93, 0.13, 0.93, 0.13, 0.93, 0.14
11-03-22_21:30:15, configs/celeba/ResNet18pretrained_celeba_ft_subnet_inherit.yml, LFW_to_CelebA, 128,0.01,cosine_lr,0.1, logistic,0.06,dp,0.93, 0.11, 0.93, 0.11, 0.93, 0.11
11-03-22_21:47:35, configs/celeba/ResNet18pretrained_celeba_ft_subnet_inherit.yml, LFW_to_CelebA, 128,0.01,cosine_lr,0.1, logistic,0.12,dp,0.93, 0.10, 0.93, 0.10, 0.93, 0.09
11-03-22_22:04:15, configs/celeba/ResNet18pretrained_celeba_ft_subnet_inherit.yml, LFW_to_CelebA, 128,0.01,cosine_lr,0.1, logistic,0.18,dp,0.92, 0.05, 0.92, 0.05, 0.92, 0.04
11-03-22_22:20:20, configs/celeba/ResNet18pretrained_celeba_ft_subnet_inherit.yml, LFW_to_CelebA, 128,0.01,cosine_lr,0.1, logistic,0.24,dp,0.90, -0.02, 0.91, 0.01, 0.90, -0.01
11-03-22_22:36:23, configs/celeba/ResNet18pretrained_celeba_ft_subnet_inherit.yml, LFW_to_CelebA, 128,0.01,cosine_lr,0.1, logistic,0.3,dp,0.89, -0.06, 0.89, -0.06, 0.87, -0.09
11-04-22_11:44:01, configs/celeba/ResNet18pretrained_celeba_ft_subnet_inherit.yml, LFW_to_CelebA, 128,0.01,cosine_lr,0.005, logistic,0.0,dp,0.82, 0.13, 0.82, 0.13, 0.79, 0.13
11-04-22_11:55:00, configs/celeba/ResNet18pretrained_celeba_ft_subnet_inherit.yml, LFW_to_CelebA, 128,0.01,cosine_lr,0.005, logistic,0.06,dp,0.77, 0.08, 0.84, 0.11, 0.76, 0.07
11-04-22_12:06:04, configs/celeba/ResNet18pretrained_celeba_ft_subnet_inherit.yml, LFW_to_CelebA, 128,0.01,cosine_lr,0.005, logistic,0.12,dp,0.74, 0.05, 0.74, 0.05, 0.74, 0.05
11-04-22_12:16:55, configs/celeba/ResNet18pretrained_celeba_ft_subnet_inherit.yml, LFW_to_CelebA, 128,0.01,cosine_lr,0.005, logistic,0.18,dp,0.73, 0.03, 0.73, 0.03, 0.70, 0.01
11-04-22_12:27:57, configs/celeba/ResNet18pretrained_celeba_ft_subnet_inherit.yml, LFW_to_CelebA, 128,0.01,cosine_lr,0.005, logistic,0.24,dp,0.68, 0.00, 0.74, 0.05, 0.69, 0.01
11-04-22_12:38:55, configs/celeba/ResNet18pretrained_celeba_ft_subnet_inherit.yml, LFW_to_CelebA, 128,0.01,cosine_lr,0.005, logistic,0.3,dp,0.71, -0.02, 0.71, -0.06, 0.68, -0.03
11-04-22_12:52:51, configs/celeba/ResNet18pretrained_celeba_ft_subnet_inherit.yml, LFW_to_CelebA, 128,0.01,cosine_lr,0.01, logistic,0.0,dp,0.92, 0.14, 0.92, 0.14, 0.93, 0.14
11-04-22_13:03:47, configs/celeba/ResNet18pretrained_celeba_ft_subnet_inherit.yml, LFW_to_CelebA, 128,0.01,cosine_lr,0.01, logistic,0.06,dp,0.92, 0.12, 0.92, 0.12, 0.93, 0.12
11-04-22_13:14:44, configs/celeba/ResNet18pretrained_celeba_ft_subnet_inherit.yml, LFW_to_CelebA, 128,0.01,cosine_lr,0.01, logistic,0.12,dp,0.92, 0.10, 0.92, 0.10, 0.92, 0.10
11-04-22_13:25:50, configs/celeba/ResNet18pretrained_celeba_ft_subnet_inherit.yml, LFW_to_CelebA, 128,0.01,cosine_lr,0.01, logistic,0.18,dp,0.92, 0.07, 0.92, 0.07, 0.92, 0.07
11-04-22_13:36:49, configs/celeba/ResNet18pretrained_celeba_ft_subnet_inherit.yml, LFW_to_CelebA, 128,0.01,cosine_lr,0.01, logistic,0.24,dp,0.91, 0.02, 0.91, 0.02, 0.91, 0.02
11-04-22_13:47:55, configs/celeba/ResNet18pretrained_celeba_ft_subnet_inherit.yml, LFW_to_CelebA, 128,0.01,cosine_lr,0.01, logistic,0.3,dp,0.89, -0.03, 0.89, -0.03, 0.89, -0.03
11-04-22_14:02:21, configs/celeba/ResNet18pretrained_celeba_ft_subnet_inherit.yml, LFW_to_CelebA, 128,0.01,cosine_lr,0.05, logistic,0.0,dp,0.93, 0.15, 0.93, 0.15, 0.93, 0.14
11-04-22_14:13:32, configs/celeba/ResNet18pretrained_celeba_ft_subnet_inherit.yml, LFW_to_CelebA, 128,0.01,cosine_lr,0.05, logistic,0.06,dp,0.92, 0.10, 0.92, 0.10, 0.93, 0.11
11-04-22_14:24:41, configs/celeba/ResNet18pretrained_celeba_ft_subnet_inherit.yml, LFW_to_CelebA, 128,0.01,cosine_lr,0.05, logistic,0.12,dp,0.92, 0.09, 0.92, 0.09, 0.92, 0.09
11-04-22_14:35:56, configs/celeba/ResNet18pretrained_celeba_ft_subnet_inherit.yml, LFW_to_CelebA, 128,0.01,cosine_lr,0.05, logistic,0.18,dp,0.92, 0.07, 0.92, 0.07, 0.92, 0.06
11-04-22_14:47:03, configs/celeba/ResNet18pretrained_celeba_ft_subnet_inherit.yml, LFW_to_CelebA, 128,0.01,cosine_lr,0.05, logistic,0.24,dp,0.91, 0.02, 0.91, 0.02, 0.91, 0.03
11-04-22_14:59:00, configs/celeba/ResNet18pretrained_celeba_ft_subnet_inherit.yml, LFW_to_CelebA, 128,0.01,cosine_lr,0.05, logistic,0.3,dp,0.89, -0.05, 0.90, -0.01, 0.89, -0.03
11-04-22_15:14:13, configs/celeba/ResNet18pretrained_celeba_ft_subnet_inherit.yml, LFW_to_CelebA, 128,0.01,cosine_lr,0.1, logistic,0.0,dp,0.93, 0.15, 0.93, 0.15, 0.93, 0.14
11-04-22_15:27:19, configs/celeba/ResNet18pretrained_celeba_ft_subnet_inherit.yml, LFW_to_CelebA, 128,0.01,cosine_lr,0.1, logistic,0.06,dp,0.92, 0.11, 0.92, 0.11, 0.92, 0.11
11-04-22_15:40:36, configs/celeba/ResNet18pretrained_celeba_ft_subnet_inherit.yml, LFW_to_CelebA, 128,0.01,cosine_lr,0.1, logistic,0.12,dp,0.92, 0.10, 0.92, 0.10, 0.92, 0.09
11-04-22_15:52:43, configs/celeba/ResNet18pretrained_celeba_ft_subnet_inherit.yml, LFW_to_CelebA, 128,0.01,cosine_lr,0.1, logistic,0.18,dp,0.91, 0.05, 0.91, 0.05, 0.91, 0.06
11-04-22_16:07:04, configs/celeba/ResNet18pretrained_celeba_ft_subnet_inherit.yml, LFW_to_CelebA, 128,0.01,cosine_lr,0.1, logistic,0.24,dp,0.91, 0.02, 0.91, 0.02, 0.90, 0.02
11-04-22_16:22:05, configs/celeba/ResNet18pretrained_celeba_ft_subnet_inherit.yml, LFW_to_CelebA, 128,0.01,cosine_lr,0.1, logistic,0.3,dp,0.89, -0.02, 0.89, -0.02, 0.89, -0.04
11-04-22_16:42:50, configs/celeba/ResNet18pretrained_celeba_ft_subnet_inherit.yml, LFW_to_CelebA, 128,0.01,cosine_lr,0.1, logistic,0.0,dp,0.93, 0.14, 0.93, 0.14, 0.94, 0.14
11-04-22_17:02:20, configs/celeba/ResNet18pretrained_celeba_ft_subnet_inherit.yml, LFW_to_CelebA, 128,0.01,cosine_lr,0.1, logistic,0.06,dp,0.93, 0.11, 0.93, 0.11, 0.93, 0.11
11-04-22_17:21:55, configs/celeba/ResNet18pretrained_celeba_ft_subnet_inherit.yml, LFW_to_CelebA, 128,0.01,cosine_lr,0.1, logistic,0.12,dp,0.92, 0.09, 0.92, 0.09, 0.93, 0.09
11-04-22_17:41:32, configs/celeba/ResNet18pretrained_celeba_ft_subnet_inherit.yml, LFW_to_CelebA, 128,0.01,cosine_lr,0.1, logistic,0.18,dp,0.92, 0.05, 0.92, 0.05, 0.92, 0.06
11-04-22_18:01:03, configs/celeba/ResNet18pretrained_celeba_ft_subnet_inherit.yml, LFW_to_CelebA, 128,0.01,cosine_lr,0.1, logistic,0.24,dp,0.90, -0.00, 0.90, -0.00, 0.91, 0.01
11-04-22_18:20:40, configs/celeba/ResNet18pretrained_celeba_ft_subnet_inherit.yml, LFW_to_CelebA, 128,0.01,cosine_lr,0.1, logistic,0.3,dp,0.89, -0.04, 0.89, -0.04, 0.88, -0.06
