Date Finished, Base Config, Name, Batch Size,Learning Rate,LR Policy,Prune Rate, fair Regularization,lam fair,fair type,Current Val Top 1, Current Val Unfairness, Best Val Top 1, Best Val Unfairness, Best Train Top 1, Best Train Unfairness
07-04-22_20:34:57, configs/celeba/ResNet18sparse_celeba_xn.yml, ResNet18_sparse_celeba_xn, 128,0.01,cosine_lr,0.05, logistic,0.0,dp,0.92, 0.13, 0.92, 0.13, 0.92, 0.14
07-04-22_20:43:29, configs/celeba/ResNet18sparse_celeba_xn.yml, ResNet18_sparse_celeba_xn, 128,0.01,cosine_lr,0.05, logistic,0.06,dp,0.92, 0.10, 0.92, 0.10, 0.92, 0.10
07-04-22_20:51:59, configs/celeba/ResNet18sparse_celeba_xn.yml, ResNet18_sparse_celeba_xn, 128,0.01,cosine_lr,0.05, logistic,0.12,dp,0.91, 0.06, 0.91, 0.06, 0.91, 0.05
07-04-22_21:00:20, configs/celeba/ResNet18sparse_celeba_xn.yml, ResNet18_sparse_celeba_xn, 128,0.01,cosine_lr,0.05, logistic,0.18,dp,0.90, -0.01, 0.90, -0.01, 0.90, 0.01
07-04-22_21:08:54, configs/celeba/ResNet18sparse_celeba_xn.yml, ResNet18_sparse_celeba_xn, 128,0.01,cosine_lr,0.05, logistic,0.24,dp,0.89, -0.04, 0.89, -0.04, 0.88, -0.05
07-04-22_21:17:31, configs/celeba/ResNet18sparse_celeba_xn.yml, ResNet18_sparse_celeba_xn, 128,0.01,cosine_lr,0.1, logistic,0.0,dp,0.92, 0.14, 0.92, 0.14, 0.92, 0.14
07-04-22_21:26:05, configs/celeba/ResNet18sparse_celeba_xn.yml, ResNet18_sparse_celeba_xn, 128,0.01,cosine_lr,0.1, logistic,0.06,dp,0.92, 0.09, 0.92, 0.09, 0.92, 0.09
07-04-22_21:34:36, configs/celeba/ResNet18sparse_celeba_xn.yml, ResNet18_sparse_celeba_xn, 128,0.01,cosine_lr,0.1, logistic,0.12,dp,0.90, 0.03, 0.90, 0.03, 0.91, 0.04
07-04-22_21:43:07, configs/celeba/ResNet18sparse_celeba_xn.yml, ResNet18_sparse_celeba_xn, 128,0.01,cosine_lr,0.1, logistic,0.18,dp,0.88, -0.05, 0.89, -0.02, 0.89, -0.01
07-04-22_21:51:31, configs/celeba/ResNet18sparse_celeba_xn.yml, ResNet18_sparse_celeba_xn, 128,0.01,cosine_lr,0.1, logistic,0.24,dp,0.88, -0.05, 0.88, -0.05, 0.87, -0.08
07-04-22_21:59:51, configs/celeba/ResNet18sparse_celeba_xn.yml, ResNet18_sparse_celeba_xn, 128,0.01,cosine_lr,0.4, logistic,0.0,dp,0.91, 0.14, 0.91, 0.14, 0.91, 0.14
07-04-22_22:08:19, configs/celeba/ResNet18sparse_celeba_xn.yml, ResNet18_sparse_celeba_xn, 128,0.01,cosine_lr,0.4, logistic,0.06,dp,0.91, 0.07, 0.91, 0.07, 0.91, 0.08
07-04-22_22:16:43, configs/celeba/ResNet18sparse_celeba_xn.yml, ResNet18_sparse_celeba_xn, 128,0.01,cosine_lr,0.4, logistic,0.12,dp,0.90, 0.03, 0.90, 0.03, 0.90, 0.03
07-04-22_22:25:17, configs/celeba/ResNet18sparse_celeba_xn.yml, ResNet18_sparse_celeba_xn, 128,0.01,cosine_lr,0.4, logistic,0.18,dp,0.88, -0.02, 0.88, -0.02, 0.87, -0.04
07-04-22_22:33:39, configs/celeba/ResNet18sparse_celeba_xn.yml, ResNet18_sparse_celeba_xn, 128,0.01,cosine_lr,0.4, logistic,0.24,dp,0.85, -0.11, 0.85, -0.11, 0.85, -0.11
07-04-22_22:41:55, configs/celeba/ResNet18sparse_celeba_xn.yml, ResNet18_sparse_celeba_xn, 128,0.01,cosine_lr,0.8, logistic,0.0,dp,0.91, 0.16, 0.91, 0.16, 0.91, 0.14
07-04-22_22:50:13, configs/celeba/ResNet18sparse_celeba_xn.yml, ResNet18_sparse_celeba_xn, 128,0.01,cosine_lr,0.8, logistic,0.06,dp,0.90, 0.08, 0.90, 0.08, 0.90, 0.08
07-04-22_22:58:31, configs/celeba/ResNet18sparse_celeba_xn.yml, ResNet18_sparse_celeba_xn, 128,0.01,cosine_lr,0.8, logistic,0.12,dp,0.88, 0.00, 0.88, 0.00, 0.88, 0.01
07-04-22_23:07:01, configs/celeba/ResNet18sparse_celeba_xn.yml, ResNet18_sparse_celeba_xn, 128,0.01,cosine_lr,0.8, logistic,0.18,dp,0.87, -0.05, 0.87, -0.05, 0.87, -0.04
07-04-22_23:15:31, configs/celeba/ResNet18sparse_celeba_xn.yml, ResNet18_sparse_celeba_xn, 128,0.01,cosine_lr,0.8, logistic,0.24,dp,0.85, -0.10, 0.85, -0.10, 0.84, -0.12
07-04-22_23:23:51, configs/celeba/ResNet18sparse_celeba_xn.yml, ResNet18_sparse_celeba_xn, 128,0.01,cosine_lr,0.95, logistic,0.0,dp,0.91, 0.14, 0.91, 0.14, 0.90, 0.14
07-04-22_23:32:15, configs/celeba/ResNet18sparse_celeba_xn.yml, ResNet18_sparse_celeba_xn, 128,0.01,cosine_lr,0.95, logistic,0.06,dp,0.89, 0.08, 0.89, 0.08, 0.89, 0.08
07-04-22_23:40:47, configs/celeba/ResNet18sparse_celeba_xn.yml, ResNet18_sparse_celeba_xn, 128,0.01,cosine_lr,0.95, logistic,0.12,dp,0.88, -0.00, 0.88, -0.00, 0.88, 0.01
07-04-22_23:49:11, configs/celeba/ResNet18sparse_celeba_xn.yml, ResNet18_sparse_celeba_xn, 128,0.01,cosine_lr,0.95, logistic,0.18,dp,0.86, -0.07, 0.86, -0.07, 0.86, -0.05
07-04-22_23:57:38, configs/celeba/ResNet18sparse_celeba_xn.yml, ResNet18_sparse_celeba_xn, 128,0.01,cosine_lr,0.95, logistic,0.24,dp,0.83, -0.14, 0.83, -0.14, 0.83, -0.12
07-05-22_10:35:52, configs/celeba/ResNet18sparse_celeba_xn.yml, ResNet18_sparse_celeba_xn, 128,0.01,cosine_lr,0.05, logistic,0.0,dp,0.91, 0.14, 0.92, 0.14, 0.92, 0.14
07-05-22_10:44:17, configs/celeba/ResNet18sparse_celeba_xn.yml, ResNet18_sparse_celeba_xn, 128,0.01,cosine_lr,0.05, logistic,0.06,dp,0.92, 0.09, 0.92, 0.09, 0.92, 0.10
07-05-22_10:52:44, configs/celeba/ResNet18sparse_celeba_xn.yml, ResNet18_sparse_celeba_xn, 128,0.01,cosine_lr,0.05, logistic,0.12,dp,0.91, 0.03, 0.91, 0.03, 0.91, 0.05
07-05-22_11:01:07, configs/celeba/ResNet18sparse_celeba_xn.yml, ResNet18_sparse_celeba_xn, 128,0.01,cosine_lr,0.05, logistic,0.18,dp,0.89, 0.00, 0.89, 0.00, 0.89, 0.00
07-05-22_11:09:28, configs/celeba/ResNet18sparse_celeba_xn.yml, ResNet18_sparse_celeba_xn, 128,0.01,cosine_lr,0.05, logistic,0.24,dp,0.88, -0.06, 0.88, -0.06, 0.88, -0.05
07-05-22_11:17:51, configs/celeba/ResNet18sparse_celeba_xn.yml, ResNet18_sparse_celeba_xn, 128,0.01,cosine_lr,0.1, logistic,0.0,dp,0.91, 0.14, 0.92, 0.15, 0.92, 0.14
07-05-22_11:26:09, configs/celeba/ResNet18sparse_celeba_xn.yml, ResNet18_sparse_celeba_xn, 128,0.01,cosine_lr,0.1, logistic,0.06,dp,0.92, 0.09, 0.92, 0.09, 0.92, 0.09
07-05-22_11:34:33, configs/celeba/ResNet18sparse_celeba_xn.yml, ResNet18_sparse_celeba_xn, 128,0.01,cosine_lr,0.1, logistic,0.12,dp,0.90, 0.02, 0.90, 0.02, 0.90, 0.04
07-05-22_11:42:55, configs/celeba/ResNet18sparse_celeba_xn.yml, ResNet18_sparse_celeba_xn, 128,0.01,cosine_lr,0.1, logistic,0.18,dp,0.89, -0.02, 0.89, -0.02, 0.89, -0.02
07-05-22_11:51:14, configs/celeba/ResNet18sparse_celeba_xn.yml, ResNet18_sparse_celeba_xn, 128,0.01,cosine_lr,0.1, logistic,0.24,dp,0.86, -0.09, 0.86, -0.09, 0.87, -0.09
07-05-22_11:59:34, configs/celeba/ResNet18sparse_celeba_xn.yml, ResNet18_sparse_celeba_xn, 128,0.01,cosine_lr,0.4, logistic,0.0,dp,0.91, 0.13, 0.91, 0.13, 0.91, 0.14
07-05-22_12:08:00, configs/celeba/ResNet18sparse_celeba_xn.yml, ResNet18_sparse_celeba_xn, 128,0.01,cosine_lr,0.4, logistic,0.06,dp,0.91, 0.09, 0.91, 0.09, 0.91, 0.08
07-05-22_12:16:21, configs/celeba/ResNet18sparse_celeba_xn.yml, ResNet18_sparse_celeba_xn, 128,0.01,cosine_lr,0.4, logistic,0.12,dp,0.90, 0.02, 0.90, 0.02, 0.90, 0.03
07-05-22_12:24:51, configs/celeba/ResNet18sparse_celeba_xn.yml, ResNet18_sparse_celeba_xn, 128,0.01,cosine_lr,0.4, logistic,0.18,dp,0.87, -0.06, 0.87, -0.06, 0.88, -0.04
07-05-22_12:33:14, configs/celeba/ResNet18sparse_celeba_xn.yml, ResNet18_sparse_celeba_xn, 128,0.01,cosine_lr,0.4, logistic,0.24,dp,0.86, -0.09, 0.86, -0.09, 0.85, -0.11
07-05-22_12:41:35, configs/celeba/ResNet18sparse_celeba_xn.yml, ResNet18_sparse_celeba_xn, 128,0.01,cosine_lr,0.8, logistic,0.0,dp,0.91, 0.15, 0.91, 0.15, 0.91, 0.14
07-05-22_12:49:52, configs/celeba/ResNet18sparse_celeba_xn.yml, ResNet18_sparse_celeba_xn, 128,0.01,cosine_lr,0.8, logistic,0.06,dp,0.90, 0.09, 0.90, 0.09, 0.90, 0.08
07-05-22_12:58:18, configs/celeba/ResNet18sparse_celeba_xn.yml, ResNet18_sparse_celeba_xn, 128,0.01,cosine_lr,0.8, logistic,0.12,dp,0.89, 0.02, 0.89, 0.02, 0.89, 0.02
07-05-22_13:06:40, configs/celeba/ResNet18sparse_celeba_xn.yml, ResNet18_sparse_celeba_xn, 128,0.01,cosine_lr,0.8, logistic,0.18,dp,0.87, -0.04, 0.87, -0.04, 0.87, -0.04
07-05-22_13:15:00, configs/celeba/ResNet18sparse_celeba_xn.yml, ResNet18_sparse_celeba_xn, 128,0.01,cosine_lr,0.8, logistic,0.24,dp,0.85, -0.12, 0.85, -0.12, 0.84, -0.12
07-05-22_13:23:19, configs/celeba/ResNet18sparse_celeba_xn.yml, ResNet18_sparse_celeba_xn, 128,0.01,cosine_lr,0.95, logistic,0.0,dp,0.90, 0.13, 0.90, 0.13, 0.90, 0.14
07-05-22_13:31:43, configs/celeba/ResNet18sparse_celeba_xn.yml, ResNet18_sparse_celeba_xn, 128,0.01,cosine_lr,0.95, logistic,0.06,dp,0.90, 0.08, 0.90, 0.08, 0.89, 0.08
07-05-22_13:40:03, configs/celeba/ResNet18sparse_celeba_xn.yml, ResNet18_sparse_celeba_xn, 128,0.01,cosine_lr,0.95, logistic,0.12,dp,0.89, 0.01, 0.89, 0.01, 0.88, 0.02
07-05-22_13:48:28, configs/celeba/ResNet18sparse_celeba_xn.yml, ResNet18_sparse_celeba_xn, 128,0.01,cosine_lr,0.95, logistic,0.18,dp,0.87, -0.05, 0.87, -0.05, 0.86, -0.06
07-05-22_13:56:50, configs/celeba/ResNet18sparse_celeba_xn.yml, ResNet18_sparse_celeba_xn, 128,0.01,cosine_lr,0.95, logistic,0.24,dp,0.85, -0.10, 0.85, -0.10, 0.83, -0.12
07-19-22_22:11:15, configs/celeba/ResNet18sparse_celeba_xn.yml, ResNet18_sparse_celeba_xn, 128,0.01,cosine_lr,0.005, logistic,0.0,dp,0.82, 0.12, 0.86, 0.11, 0.88, 0.13
07-19-22_22:21:23, configs/celeba/ResNet18sparse_celeba_xn.yml, ResNet18_sparse_celeba_xn, 128,0.01,cosine_lr,0.005, logistic,0.06,dp,0.87, 0.07, 0.88, 0.08, 0.88, 0.09
07-19-22_22:31:35, configs/celeba/ResNet18sparse_celeba_xn.yml, ResNet18_sparse_celeba_xn, 128,0.01,cosine_lr,0.005, logistic,0.12,dp,0.82, -0.05, 0.82, 0.00, 0.87, 0.03
07-19-22_22:41:45, configs/celeba/ResNet18sparse_celeba_xn.yml, ResNet18_sparse_celeba_xn, 128,0.01,cosine_lr,0.005, logistic,0.18,dp,0.81, -0.09, 0.84, -0.03, 0.85, -0.03
07-19-22_22:51:58, configs/celeba/ResNet18sparse_celeba_xn.yml, ResNet18_sparse_celeba_xn, 128,0.01,cosine_lr,0.005, logistic,0.24,dp,0.83, -0.12, 0.83, -0.12, 0.84, -0.09
07-19-22_23:02:04, configs/celeba/ResNet18sparse_celeba_xn.yml, ResNet18_sparse_celeba_xn, 128,0.01,cosine_lr,0.001, logistic,0.0,dp,0.66, 0.09, 0.70, 0.07, 0.68, 0.08
07-19-22_23:12:01, configs/celeba/ResNet18sparse_celeba_xn.yml, ResNet18_sparse_celeba_xn, 128,0.01,cosine_lr,0.001, logistic,0.06,dp,0.69, 0.04, 0.69, 0.04, 0.64, 0.04
07-19-22_23:22:08, configs/celeba/ResNet18sparse_celeba_xn.yml, ResNet18_sparse_celeba_xn, 128,0.01,cosine_lr,0.001, logistic,0.12,dp,0.57, -0.01, 0.57, -0.01, 0.70, 0.04
07-19-22_23:32:04, configs/celeba/ResNet18sparse_celeba_xn.yml, ResNet18_sparse_celeba_xn, 128,0.01,cosine_lr,0.001, logistic,0.18,dp,0.71, 0.05, 0.71, 0.05, 0.69, 0.03
07-19-22_23:42:09, configs/celeba/ResNet18sparse_celeba_xn.yml, ResNet18_sparse_celeba_xn, 128,0.01,cosine_lr,0.001, logistic,0.24,dp,0.66, -0.01, 0.66, -0.01, 0.70, -0.01
10-18-22_10:51:17, configs/celeba/ResNet18sparse_celeba_xn.yml, ResNet18_sparse_celeba_xn, 128,0.01,cosine_lr,0.05, logistic,0.0,dp,0.91, 0.15, 0.91, 0.15, 0.92, 0.14
10-18-22_11:07:39, configs/celeba/ResNet18sparse_celeba_xn.yml, ResNet18_sparse_celeba_xn, 128,0.01,cosine_lr,0.05, logistic,0.06,dp,0.91, 0.09, 0.91, 0.09, 0.92, 0.10
10-18-22_11:24:10, configs/celeba/ResNet18sparse_celeba_xn.yml, ResNet18_sparse_celeba_xn, 128,0.01,cosine_lr,0.05, logistic,0.12,dp,0.91, 0.04, 0.91, 0.04, 0.91, 0.05
10-18-22_11:40:37, configs/celeba/ResNet18sparse_celeba_xn.yml, ResNet18_sparse_celeba_xn, 128,0.01,cosine_lr,0.05, logistic,0.18,dp,0.90, 0.03, 0.90, 0.03, 0.89, -0.00
10-18-22_11:56:48, configs/celeba/ResNet18sparse_celeba_xn.yml, ResNet18_sparse_celeba_xn, 128,0.01,cosine_lr,0.05, logistic,0.24,dp,0.88, -0.06, 0.88, -0.05, 0.88, -0.05
10-18-22_12:13:01, configs/celeba/ResNet18sparse_celeba_xn.yml, ResNet18_sparse_celeba_xn, 128,0.01,cosine_lr,0.1, logistic,0.0,dp,0.92, 0.15, 0.92, 0.15, 0.92, 0.14
10-18-22_12:29:30, configs/celeba/ResNet18sparse_celeba_xn.yml, ResNet18_sparse_celeba_xn, 128,0.01,cosine_lr,0.1, logistic,0.06,dp,0.92, 0.08, 0.92, 0.08, 0.92, 0.09
10-18-22_12:45:49, configs/celeba/ResNet18sparse_celeba_xn.yml, ResNet18_sparse_celeba_xn, 128,0.01,cosine_lr,0.1, logistic,0.12,dp,0.90, 0.03, 0.90, 0.03, 0.91, 0.04
10-18-22_13:02:05, configs/celeba/ResNet18sparse_celeba_xn.yml, ResNet18_sparse_celeba_xn, 128,0.01,cosine_lr,0.1, logistic,0.18,dp,0.89, -0.03, 0.89, -0.03, 0.89, -0.02
10-18-22_13:18:17, configs/celeba/ResNet18sparse_celeba_xn.yml, ResNet18_sparse_celeba_xn, 128,0.01,cosine_lr,0.1, logistic,0.24,dp,0.85, -0.13, 0.87, -0.06, 0.87, -0.08
10-18-22_13:34:21, configs/celeba/ResNet18sparse_celeba_xn.yml, ResNet18_sparse_celeba_xn, 128,0.01,cosine_lr,0.4, logistic,0.0,dp,0.92, 0.14, 0.92, 0.14, 0.92, 0.14
10-18-22_13:50:20, configs/celeba/ResNet18sparse_celeba_xn.yml, ResNet18_sparse_celeba_xn, 128,0.01,cosine_lr,0.4, logistic,0.06,dp,0.91, 0.08, 0.91, 0.08, 0.91, 0.08
10-18-22_14:06:10, configs/celeba/ResNet18sparse_celeba_xn.yml, ResNet18_sparse_celeba_xn, 128,0.01,cosine_lr,0.4, logistic,0.12,dp,0.89, 0.02, 0.89, 0.02, 0.89, 0.02
10-18-22_14:22:13, configs/celeba/ResNet18sparse_celeba_xn.yml, ResNet18_sparse_celeba_xn, 128,0.01,cosine_lr,0.4, logistic,0.18,dp,0.87, -0.06, 0.88, -0.04, 0.88, -0.04
10-18-22_14:38:19, configs/celeba/ResNet18sparse_celeba_xn.yml, ResNet18_sparse_celeba_xn, 128,0.01,cosine_lr,0.4, logistic,0.24,dp,0.85, -0.13, 0.85, -0.11, 0.85, -0.11
10-18-22_14:51:27, configs/celeba/ResNet18sparse_celeba_xn.yml, ResNet18_sparse_celeba_xn, 128,0.01,cosine_lr,0.8, logistic,0.0,dp,0.91, 0.15, 0.91, 0.15, 0.91, 0.14
10-18-22_15:07:28, configs/celeba/ResNet18sparse_celeba_xn.yml, ResNet18_sparse_celeba_xn, 128,0.01,cosine_lr,0.8, logistic,0.06,dp,0.90, 0.07, 0.90, 0.07, 0.90, 0.08
10-18-22_15:23:43, configs/celeba/ResNet18sparse_celeba_xn.yml, ResNet18_sparse_celeba_xn, 128,0.01,cosine_lr,0.8, logistic,0.12,dp,0.88, 0.02, 0.88, 0.02, 0.88, 0.02
10-18-22_15:39:37, configs/celeba/ResNet18sparse_celeba_xn.yml, ResNet18_sparse_celeba_xn, 128,0.01,cosine_lr,0.8, logistic,0.18,dp,0.87, -0.06, 0.87, -0.06, 0.87, -0.05
10-18-22_15:55:49, configs/celeba/ResNet18sparse_celeba_xn.yml, ResNet18_sparse_celeba_xn, 128,0.01,cosine_lr,0.8, logistic,0.24,dp,0.84, -0.12, 0.84, -0.12, 0.84, -0.11
10-18-22_16:11:44, configs/celeba/ResNet18sparse_celeba_xn.yml, ResNet18_sparse_celeba_xn, 128,0.01,cosine_lr,0.95, logistic,0.0,dp,0.90, 0.15, 0.90, 0.15, 0.90, 0.14
10-18-22_16:27:37, configs/celeba/ResNet18sparse_celeba_xn.yml, ResNet18_sparse_celeba_xn, 128,0.01,cosine_lr,0.95, logistic,0.06,dp,0.89, 0.09, 0.89, 0.09, 0.89, 0.08
10-18-22_16:43:15, configs/celeba/ResNet18sparse_celeba_xn.yml, ResNet18_sparse_celeba_xn, 128,0.01,cosine_lr,0.95, logistic,0.12,dp,0.88, 0.01, 0.88, 0.01, 0.88, 0.01
10-18-22_16:59:12, configs/celeba/ResNet18sparse_celeba_xn.yml, ResNet18_sparse_celeba_xn, 128,0.01,cosine_lr,0.95, logistic,0.18,dp,0.86, -0.06, 0.86, -0.06, 0.86, -0.05
10-18-22_17:14:52, configs/celeba/ResNet18sparse_celeba_xn.yml, ResNet18_sparse_celeba_xn, 128,0.01,cosine_lr,0.95, logistic,0.24,dp,0.84, -0.13, 0.84, -0.13, 0.84, -0.12
